-- phpMyAdmin SQL Dump
-- version 4.8.5
-- https://www.phpmyadmin.net/
--
-- Hôte : 127.0.0.1:3306
-- Généré le :  lun. 20 jan. 2020 à 17:09
-- Version du serveur :  5.7.26
-- Version de PHP :  7.2.18

SET SQL_MODE = "NO_AUTO_VALUE_ON_ZERO";
SET AUTOCOMMIT = 0;
START TRANSACTION;
SET time_zone = "+00:00";


/*!40101 SET @OLD_CHARACTER_SET_CLIENT=@@CHARACTER_SET_CLIENT */;
/*!40101 SET @OLD_CHARACTER_SET_RESULTS=@@CHARACTER_SET_RESULTS */;
/*!40101 SET @OLD_COLLATION_CONNECTION=@@COLLATION_CONNECTION */;
/*!40101 SET NAMES utf8mb4 */;

--
-- Base de données :  `kingof`
--

-- --------------------------------------------------------

--
-- Structure de la table `board`
--

DROP TABLE IF EXISTS `board`;
CREATE TABLE IF NOT EXISTS `board` (
  `id` int(11) NOT NULL AUTO_INCREMENT,
  `name` varchar(50) COLLATE utf8mb4_unicode_ci NOT NULL,
  `available` tinyint(1) NOT NULL DEFAULT '1',
  `img_name` varchar(255) COLLATE utf8mb4_unicode_ci DEFAULT NULL,
  PRIMARY KEY (`id`)
) ENGINE=InnoDB AUTO_INCREMENT=3 DEFAULT CHARSET=utf8mb4 COLLATE=utf8mb4_unicode_ci;

--
-- Déchargement des données de la table `board`
--

INSERT INTO `board` (`id`, `name`, `available`, `img_name`) VALUES
(1, 'King of Tokyo', 1, 'tokyo.png'),
(2, 'King of New-York', 0, 'newyork.png');

-- --------------------------------------------------------

--
-- Structure de la table `board_rule`
--

DROP TABLE IF EXISTS `board_rule`;
CREATE TABLE IF NOT EXISTS `board_rule` (
  `board_id` int(11) NOT NULL,
  `rule_id` int(11) NOT NULL,
  PRIMARY KEY (`board_id`,`rule_id`),
  KEY `IDX_9C4EF5EFE7EC5785` (`board_id`),
  KEY `IDX_9C4EF5EF744E0351` (`rule_id`)
) ENGINE=InnoDB DEFAULT CHARSET=utf8mb4 COLLATE=utf8mb4_unicode_ci;

--
-- Déchargement des données de la table `board_rule`
--

INSERT INTO `board_rule` (`board_id`, `rule_id`) VALUES
(1, 1),
(1, 2),
(1, 4),
(1, 6),
(1, 7),
(1, 8),
(1, 9),
(2, 1),
(2, 3),
(2, 5),
(2, 6),
(2, 7),
(2, 8),
(2, 9);

-- --------------------------------------------------------

--
-- Structure de la table `box`
--

DROP TABLE IF EXISTS `box`;
CREATE TABLE IF NOT EXISTS `box` (
  `id` int(11) NOT NULL AUTO_INCREMENT,
  `box_type_id` int(11) NOT NULL,
  `name` varchar(100) COLLATE utf8mb4_unicode_ci NOT NULL,
  `short_name` varchar(20) COLLATE utf8mb4_unicode_ci NOT NULL,
  PRIMARY KEY (`id`),
  KEY `IDX_8A9483ADC8E12A2` (`box_type_id`)
) ENGINE=InnoDB AUTO_INCREMENT=12 DEFAULT CHARSET=utf8mb4 COLLATE=utf8mb4_unicode_ci;

--
-- Déchargement des données de la table `box`
--

INSERT INTO `box` (`id`, `box_type_id`, `name`, `short_name`) VALUES
(1, 1, 'King of Tokyo - 1ère Édition', 'King of Tokyo'),
(2, 1, 'King of Tokyo - 2ème Édition', 'King of Tokyo'),
(3, 3, 'Power Up! King of Tokyo', 'Power Up!'),
(4, 3, 'Halloween Collector Pack', 'Halloween Pack'),
(5, 3, 'Monster Pack 1: Cthulhu', 'Monster Pack 1'),
(6, 3, 'Monster Pack 2: King Kong', 'Monster Pack 2'),
(7, 3, 'Monster Pack 3: Anubis', 'Monster Pack 3'),
(8, 3, 'Monster Pack 4: Cybertooth', 'Monster Pack 4'),
(9, 2, 'King of New-York', 'King of New-York'),
(10, 3, 'Power Up! King of New-York', 'Power Up!'),
(11, 4, 'Monstres Bonus', 'Monstres Bonus');

-- --------------------------------------------------------

--
-- Structure de la table `box_type`
--

DROP TABLE IF EXISTS `box_type`;
CREATE TABLE IF NOT EXISTS `box_type` (
  `id` int(11) NOT NULL AUTO_INCREMENT,
  `name` varchar(50) COLLATE utf8mb4_unicode_ci NOT NULL,
  PRIMARY KEY (`id`)
) ENGINE=InnoDB AUTO_INCREMENT=5 DEFAULT CHARSET=utf8mb4 COLLATE=utf8mb4_unicode_ci;

--
-- Déchargement des données de la table `box_type`
--

INSERT INTO `box_type` (`id`, `name`) VALUES
(1, 'King of Tokyo'),
(2, 'King of New-York'),
(3, 'Extensions'),
(4, 'Monstres Bonus');

-- --------------------------------------------------------

--
-- Structure de la table `game`
--

DROP TABLE IF EXISTS `game`;
CREATE TABLE IF NOT EXISTS `game` (
  `id` int(11) NOT NULL AUTO_INCREMENT,
  `mode_id` int(11) NOT NULL,
  `board_id` int(11) NOT NULL,
  `name` varchar(100) COLLATE utf8mb4_unicode_ci NOT NULL,
  `state` smallint(6) NOT NULL,
  `monsters_select` smallint(6) NOT NULL,
  `max_players` smallint(6) NOT NULL,
  `winner_id` int(11) DEFAULT NULL,
  `victory_type` varchar(32) COLLATE utf8mb4_unicode_ci DEFAULT NULL,
  `finished_at` datetime DEFAULT NULL,
  `created_at` datetime DEFAULT NULL,
  `started_at` datetime DEFAULT NULL,
  PRIMARY KEY (`id`),
  KEY `IDX_232B318C77E5854A` (`mode_id`),
  KEY `IDX_232B318CE7EC5785` (`board_id`),
  KEY `IDX_232B318C5DFCD4B8` (`winner_id`)
) ENGINE=InnoDB AUTO_INCREMENT=21 DEFAULT CHARSET=utf8mb4 COLLATE=utf8mb4_unicode_ci;

--
-- Déchargement des données de la table `game`
--

INSERT INTO `game` (`id`, `mode_id`, `board_id`, `name`, `state`, `monsters_select`, `max_players`, `winner_id`, `victory_type`, `finished_at`, `created_at`, `started_at`) VALUES
(1, 1, 1, 'Partie de sky - 2020-01-18 12:07', 3, 0, 6, 1, 'kills', '2020-01-18 13:57:00', '2020-01-18 12:07:32', '2020-01-18 12:23:35'),
(2, 1, 1, 'Partie de sky - 2020-01-18 13:57', 3, 0, 6, 6, 'kills', '2020-01-18 14:06:33', '2020-01-18 13:57:08', '2020-01-18 13:57:52'),
(3, 1, 1, 'Partie de sky - 2020-01-18 15:28', 3, 0, 6, 11, 'kills', '2020-01-18 16:52:13', '2020-01-18 15:28:08', '2020-01-18 15:29:26'),
(9, 1, 1, 'Partie de sky - 2020-01-18 16:55', 3, 0, 6, 17, 'points', '2020-01-18 17:55:24', '2020-01-18 16:55:29', '2020-01-18 16:56:23'),
(10, 1, 1, 'Partie de indi - 2020-01-18 17:55', 3, 0, 6, 20, 'kills', '2020-01-20 18:07:19', '2020-01-18 17:55:36', '2020-01-18 17:56:20'),
(12, 1, 1, 'Partie de sky - 2020-01-18 23:12', 3, 0, 6, 24, 'kills', '2020-01-18 23:27:02', '2020-01-18 23:12:32', '2020-01-18 23:15:18'),
(13, 1, 1, 'Partie de sky - 2020-01-18 23:27', 3, 0, 6, 30, 'kills', '2020-01-18 23:53:36', '2020-01-18 23:27:27', '2020-01-18 23:28:04'),
(14, 1, 1, 'Partie de sky - 2020-01-19 10:17', 2, 0, 6, NULL, NULL, NULL, '2020-01-19 10:17:10', '2020-01-19 10:33:43'),
(17, 1, 1, 'Partie de sky - 2020-01-20 13:19', 1, 0, 6, NULL, NULL, NULL, '2020-01-20 13:19:14', NULL),
(18, 1, 1, 'Partie de sky - 2020-01-20 13:20', 1, 0, 6, NULL, NULL, NULL, '2020-01-20 13:20:16', NULL),
(19, 1, 1, 'Partie de indi - 2020-01-20 13:22', 1, 0, 6, NULL, NULL, NULL, '2020-01-20 13:22:04', NULL),
(20, 1, 1, 'Partie de ninja - 2020-01-20 13:22', 1, 0, 6, NULL, NULL, NULL, '2020-01-20 13:22:08', NULL);

-- --------------------------------------------------------

--
-- Structure de la table `game_data_update`
--

DROP TABLE IF EXISTS `game_data_update`;
CREATE TABLE IF NOT EXISTS `game_data_update` (
  `id` int(11) NOT NULL AUTO_INCREMENT,
  `log_id` int(11) NOT NULL,
  `type` varchar(50) COLLATE utf8mb4_unicode_ci NOT NULL,
  `value` varchar(255) COLLATE utf8mb4_unicode_ci DEFAULT NULL,
  `player_id` int(11) DEFAULT NULL,
  `value2` varchar(255) COLLATE utf8mb4_unicode_ci DEFAULT NULL,
  `former_value` varchar(255) COLLATE utf8mb4_unicode_ci DEFAULT NULL,
  PRIMARY KEY (`id`),
  KEY `IDX_268E4663EA675D86` (`log_id`),
  KEY `IDX_268E466399E6F5DF` (`player_id`)
) ENGINE=InnoDB AUTO_INCREMENT=923 DEFAULT CHARSET=utf8mb4 COLLATE=utf8mb4_unicode_ci;

--
-- Déchargement des données de la table `game_data_update`
--

INSERT INTO `game_data_update` (`id`, `log_id`, `type`, `value`, `player_id`, `value2`, `former_value`) VALUES
(1, 2, 'vp', '0', 1, NULL, NULL),
(2, 7, 'hp', '10', 1, '10', NULL),
(3, 8, 'vp', '4', 1, NULL, NULL),
(4, 9, 'in_tokyo', '1', 1, 'ali-san.png', NULL),
(5, 9, 'vp', '5', 1, NULL, NULL),
(6, 10, 'end_turn', '', 1, NULL, NULL),
(7, 10, 'start_turn', 'indi', 5, '/img/monsters/to-left/regular/anubis.png', NULL),
(8, 11, 'vp', '0', 5, NULL, NULL),
(9, 16, 'hp', '8', 1, '10', NULL),
(10, 17, 'interrupting_action', 'sky', 1, '/img/monsters/to-right/regular/ali-san.png', NULL),
(11, 18, 'resuming_turn', 'indi', 5, '/img/monsters/to-left/regular/anubis.png', NULL),
(12, 18, 'vp', '3', 5, NULL, NULL),
(13, 19, 'end_turn', '', 5, NULL, NULL),
(14, 19, 'start_turn', 'ninja', 4, '/img/monsters/to-left/regular/the-king.png', NULL),
(15, 20, 'vp', '0', 4, NULL, NULL),
(16, 25, 'mana', '3', 4, NULL, NULL),
(17, 26, 'hp', '6', 1, '10', NULL),
(18, 27, 'interrupting_action', 'sky', 1, '/img/monsters/to-right/regular/ali-san.png', NULL),
(19, 28, 'resuming_turn', 'ninja', 4, '/img/monsters/to-left/regular/the-king.png', NULL),
(20, 28, 'vp', '0', 4, NULL, NULL),
(21, 29, 'end_turn', '', 4, NULL, NULL),
(22, 29, 'start_turn', 'sky', 1, '/img/monsters/to-right/regular/ali-san.png', NULL),
(23, 30, 'vp', '7', 1, NULL, NULL),
(24, 35, 'vp', '7', 1, NULL, NULL),
(25, 36, 'hp', '5', 4, '10', NULL),
(26, 36, 'hp', '5', 5, '10', NULL),
(27, 37, 'end_turn', '', 1, NULL, NULL),
(28, 37, 'start_turn', 'indi', 5, '/img/monsters/to-left/regular/anubis.png', NULL),
(29, 38, 'vp', '3', 5, NULL, NULL),
(30, 43, 'vp', '3', 5, NULL, NULL),
(31, 44, 'hp', '7', 5, '10', NULL),
(32, 45, 'hp', '4', 1, '10', NULL),
(33, 46, 'interrupting_action', 'sky', 1, '/img/monsters/to-right/regular/ali-san.png', NULL),
(34, 47, 'out_of_tokyo', '1', 1, NULL, NULL),
(35, 47, 'resuming_turn', 'indi', 5, '/img/monsters/to-left/regular/anubis.png', NULL),
(36, 47, 'mana', '1', 5, NULL, NULL),
(37, 48, 'in_tokyo', '1', 5, 'anubis.png', NULL),
(38, 48, 'vp', '4', 5, NULL, NULL),
(39, 49, 'end_turn', '', 5, NULL, NULL),
(40, 49, 'start_turn', 'ninja', 4, '/img/monsters/to-left/regular/the-king.png', NULL),
(41, 50, 'vp', '0', 4, NULL, NULL),
(42, 55, 'hp', '4', 5, '10', NULL),
(43, 56, 'interrupting_action', 'indi', 5, '/img/monsters/to-right/regular/anubis.png', NULL),
(44, 57, 'out_of_tokyo', '1', 5, NULL, NULL),
(45, 57, 'resuming_turn', 'ninja', 4, '/img/monsters/to-left/regular/the-king.png', NULL),
(46, 57, 'hp', '7', 4, '10', NULL),
(47, 58, 'vp', '0', 4, NULL, NULL),
(48, 59, 'in_tokyo', '1', 4, 'the-king.png', NULL),
(49, 59, 'vp', '1', 4, NULL, NULL),
(50, 60, 'end_turn', '', 4, NULL, NULL),
(51, 60, 'start_turn', 'sky', 1, '/img/monsters/to-left/regular/ali-san.png', NULL),
(52, 61, 'vp', '7', 1, NULL, NULL),
(53, 66, 'vp', '7', 1, NULL, NULL),
(54, 67, 'hp', '5', 4, '10', NULL),
(55, 68, 'interrupting_action', 'ninja', 4, '/img/monsters/to-right/regular/the-king.png', NULL),
(56, 69, 'resuming_turn', 'sky', 1, '/img/monsters/to-left/regular/ali-san.png', NULL),
(57, 69, 'hp', '6', 1, '10', NULL),
(58, 70, 'end_turn', '', 1, NULL, NULL),
(59, 70, 'start_turn', 'indi', 5, '/img/monsters/to-left/regular/anubis.png', NULL),
(60, 71, 'vp', '4', 5, NULL, NULL),
(61, 76, 'vp', '7', 5, NULL, NULL),
(62, 77, 'hp', '5', 5, '10', NULL),
(63, 78, 'mana', '3', 5, NULL, NULL),
(64, 79, 'end_turn', '', 5, NULL, NULL),
(65, 79, 'start_turn', 'ninja', 4, '/img/monsters/to-right/regular/the-king.png', NULL),
(66, 80, 'vp', '3', 4, NULL, NULL),
(67, 85, 'vp', '3', 4, NULL, NULL),
(68, 86, 'mana', '4', 4, NULL, NULL),
(69, 87, 'hp', '4', 1, '10', NULL),
(70, 87, 'hp', '3', 5, '10', NULL),
(71, 88, 'end_turn', '', 4, NULL, NULL),
(72, 88, 'start_turn', 'sky', 1, '/img/monsters/to-left/regular/ali-san.png', NULL),
(73, 89, 'vp', '7', 1, NULL, NULL),
(74, 94, 'vp', '7', 1, NULL, NULL),
(75, 95, 'hp', '7', 1, '10', NULL),
(76, 96, 'end_turn', '', 1, NULL, NULL),
(77, 96, 'start_turn', 'indi', 5, '/img/monsters/to-left/regular/anubis.png', NULL),
(78, 97, 'vp', '7', 5, NULL, NULL),
(79, 102, 'vp', '7', 5, NULL, NULL),
(80, 103, 'hp', '4', 4, '10', NULL),
(81, 104, 'interrupting_action', 'ninja', 4, '/img/monsters/to-right/regular/the-king.png', NULL),
(82, 105, 'out_of_tokyo', '1', 4, NULL, NULL),
(83, 105, 'resuming_turn', 'indi', 5, '/img/monsters/to-left/regular/anubis.png', NULL),
(84, 105, 'hp', '6', 5, '10', NULL),
(85, 106, 'in_tokyo', '1', 5, 'anubis.png', NULL),
(86, 106, 'vp', '8', 5, NULL, NULL),
(87, 107, 'end_turn', '', 5, NULL, NULL),
(88, 107, 'start_turn', 'ninja', 4, '/img/monsters/to-left/regular/the-king.png', NULL),
(89, 108, 'vp', '3', 4, NULL, NULL),
(90, 113, 'vp', '3', 4, NULL, NULL),
(91, 114, 'hp', '6', 4, '10', NULL),
(92, 115, 'mana', '6', 4, NULL, NULL),
(93, 116, 'end_turn', '', 4, NULL, NULL),
(94, 116, 'start_turn', 'sky', 1, '/img/monsters/to-left/regular/ali-san.png', NULL),
(95, 117, 'vp', '7', 1, NULL, NULL),
(96, 122, 'vp', '10', 1, NULL, NULL),
(97, 123, 'hp', '4', 5, '10', NULL),
(98, 124, 'interrupting_action', 'indi', 5, '/img/monsters/to-right/regular/anubis.png', NULL),
(99, 125, 'resuming_turn', 'indi', 5, '/img/monsters/to-right/regular/anubis.png', NULL),
(100, 125, 'end_turn', '', 1, NULL, NULL),
(101, 125, 'start_turn', 'indi', 5, '/img/monsters/to-right/regular/anubis.png', NULL),
(102, 126, 'vp', '10', 5, NULL, NULL),
(103, 131, 'vp', '10', 5, NULL, NULL),
(104, 132, 'hp', '4', 1, '10', NULL),
(105, 132, 'hp', '3', 4, '10', NULL),
(106, 133, 'end_turn', '', 5, NULL, NULL),
(107, 133, 'start_turn', 'ninja', 4, '/img/monsters/to-left/regular/the-king.png', NULL),
(108, 134, 'vp', '3', 4, NULL, NULL),
(109, 139, 'vp', '3', 4, NULL, NULL),
(110, 140, 'hp', '0', 5, '10', NULL),
(111, 141, 'out_of_tokyo', '1', 5, NULL, NULL),
(112, 141, 'dead', 'dead', 5, NULL, NULL),
(113, 142, 'end_turn', '', 4, NULL, NULL),
(114, 142, 'start_turn', 'sky', 1, '/img/monsters/to-left/regular/ali-san.png', NULL),
(115, 143, 'vp', '10', 1, NULL, NULL),
(116, 145, 'vp', '3', 4, NULL, NULL),
(117, 146, 'hp', '0', 5, '10', NULL),
(118, 147, 'out_of_tokyo', '1', 5, NULL, NULL),
(119, 147, 'dead', 'dead', 5, NULL, NULL),
(120, 148, 'interrupting_action', 'indi', 5, '/img/monsters/to-right/regular/anubis.png', NULL),
(121, 149, 'vp', '3', 4, NULL, NULL),
(122, 150, 'hp', '0', 5, '10', NULL),
(123, 151, 'out_of_tokyo', '1', 5, NULL, NULL),
(124, 151, 'dead', 'dead', 5, NULL, NULL),
(125, 152, 'end_turn', '', 1, NULL, NULL),
(126, 152, 'start_turn', 'sky', 1, '/img/monsters/to-left/regular/ali-san.png', NULL),
(127, 153, 'vp', '3', 4, NULL, NULL),
(128, 154, 'hp', '0', 5, '10', NULL),
(129, 155, 'out_of_tokyo', '1', 5, NULL, NULL),
(130, 155, 'dead', 'dead', 5, NULL, NULL),
(131, 156, 'vp', '3', 4, NULL, NULL),
(132, 157, 'hp', '0', 5, '10', NULL),
(133, 158, 'dead', 'dead', 5, NULL, NULL),
(134, 159, 'in_tokyo', '1', 4, 'the-king.png', NULL),
(135, 159, 'vp', '4', 4, NULL, NULL),
(136, 160, 'end_turn', '', 4, NULL, NULL),
(137, 160, 'start_turn', 'sky', 1, '/img/monsters/to-left/regular/ali-san.png', NULL),
(138, 161, 'vp', '10', 1, NULL, NULL),
(139, 166, 'vp', '10', 1, NULL, NULL),
(140, 167, 'hp', '0', 4, '10', NULL),
(141, 167, 'out_of_tokyo', '1', 4, NULL, NULL),
(142, 168, 'dead', 'dead', 4, NULL, NULL),
(143, 171, 'vp', '0', 8, NULL, NULL),
(144, 176, 'vp', '4', 8, NULL, NULL),
(145, 177, 'mana', '2', 8, NULL, NULL),
(146, 178, 'in_tokyo', '1', 8, 'sheriff.png', NULL),
(147, 178, 'vp', '5', 8, NULL, NULL),
(148, 179, 'end_turn', '', 8, NULL, NULL),
(149, 179, 'start_turn', 'sky', 6, '/img/monsters/to-left/regular/lollybot.png', NULL),
(150, 180, 'vp', '0', 6, NULL, NULL),
(151, 185, 'vp', '0', 6, NULL, NULL),
(152, 186, 'hp', '8', 8, '10', NULL),
(153, 187, 'interrupting_action', 'ninja', 8, '/img/monsters/to-right/regular/sheriff.png', NULL),
(154, 188, 'resuming_turn', 'sky', 6, '/img/monsters/to-left/regular/lollybot.png', NULL),
(155, 188, 'hp', '10', 6, '10', NULL),
(156, 189, 'end_turn', '', 6, NULL, NULL),
(157, 189, 'start_turn', 'indi', 7, '/img/monsters/to-left/regular/meka-dragon.png', NULL),
(158, 190, 'vp', '0', 7, NULL, NULL),
(159, 195, 'vp', '0', 7, NULL, NULL),
(160, 196, 'hp', '5', 8, '10', NULL),
(161, 197, 'interrupting_action', 'ninja', 8, '/img/monsters/to-right/regular/sheriff.png', NULL),
(162, 198, 'resuming_turn', 'indi', 7, '/img/monsters/to-left/regular/meka-dragon.png', NULL),
(163, 198, 'hp', '10', 7, '10', NULL),
(164, 199, 'end_turn', '', 7, NULL, NULL),
(165, 199, 'start_turn', 'ninja', 8, '/img/monsters/to-right/regular/sheriff.png', NULL),
(166, 200, 'vp', '7', 8, NULL, NULL),
(167, 205, 'hp', '5', 6, '10', NULL),
(168, 205, 'hp', '5', 7, '10', NULL),
(169, 206, 'hp', '5', 8, '10', NULL),
(170, 207, 'end_turn', '', 8, NULL, NULL),
(171, 207, 'start_turn', 'sky', 6, '/img/monsters/to-left/regular/lollybot.png', NULL),
(172, 208, 'vp', '0', 6, NULL, NULL),
(173, 213, 'vp', '3', 6, NULL, NULL),
(174, 214, 'hp', '3', 8, '10', NULL),
(175, 215, 'interrupting_action', 'ninja', 8, '/img/monsters/to-right/regular/sheriff.png', NULL),
(176, 216, 'resuming_turn', 'indi', 7, '/img/monsters/to-left/regular/meka-dragon.png', NULL),
(177, 216, 'end_turn', '', 6, NULL, NULL),
(178, 216, 'start_turn', 'indi', 7, '/img/monsters/to-left/regular/meka-dragon.png', NULL),
(179, 217, 'vp', '0', 7, NULL, NULL),
(180, 220, 'vp', '0', 7, NULL, NULL),
(181, 221, 'mana', '1', 7, NULL, NULL),
(182, 222, 'hp', '0', 8, '10', NULL),
(183, 222, 'out_of_tokyo', '1', 8, NULL, NULL),
(184, 223, 'dead', 'dead', 8, NULL, NULL),
(185, 224, 'in_tokyo', '1', 7, 'meka-dragon.png', NULL),
(186, 224, 'vp', '1', 7, NULL, NULL),
(187, 225, 'end_turn', '', 7, NULL, NULL),
(188, 225, 'start_turn', 'sky', 6, '/img/monsters/to-left/regular/lollybot.png', NULL),
(189, 226, 'vp', '3', 6, NULL, NULL),
(190, 231, 'vp', '3', 6, NULL, NULL),
(191, 232, 'mana', '2', 6, NULL, NULL),
(192, 233, 'hp', '2', 7, '10', NULL),
(193, 234, 'interrupting_action', 'indi', 7, '/img/monsters/to-right/regular/meka-dragon.png', NULL),
(194, 235, 'resuming_turn', 'indi', 7, '/img/monsters/to-right/regular/meka-dragon.png', NULL),
(195, 235, 'end_turn', '', 6, NULL, NULL),
(196, 235, 'start_turn', 'indi', 7, '/img/monsters/to-right/regular/meka-dragon.png', NULL),
(197, 236, 'vp', '3', 7, NULL, NULL),
(198, 240, 'vp', '6', 7, NULL, NULL),
(199, 241, 'hp', '2', 6, '10', NULL),
(200, 241, 'hp', '0', 8, '10', NULL),
(201, 242, 'end_turn', '', 7, NULL, NULL),
(202, 242, 'start_turn', 'sky', 6, '/img/monsters/to-left/regular/lollybot.png', NULL),
(203, 243, 'vp', '3', 6, NULL, NULL),
(204, 248, 'hp', '0', 7, '10', NULL),
(205, 248, 'out_of_tokyo', '1', 7, NULL, NULL),
(206, 249, 'dead', 'dead', 7, NULL, NULL),
(207, 252, 'vp', '0', 11, NULL, NULL),
(208, 257, 'vp', '0', 11, NULL, NULL),
(209, 259, 'hp', '10', 11, '10', NULL),
(210, 260, 'in_tokyo', '1', 11, 'cybertooth.png', NULL),
(211, 260, 'vp', '1', 11, NULL, NULL),
(212, 261, 'end_turn', '', 11, NULL, NULL),
(213, 261, 'start_turn', 'ninja', 10, '/img/monsters/to-left/regular/kong.png', NULL),
(214, 262, 'vp', '0', 10, NULL, NULL),
(215, 267, 'hp', '8', 11, '10', NULL),
(216, 268, 'interrupting_action', 'indi', 11, '/img/monsters/to-right/regular/cybertooth.png', NULL),
(217, 269, 'resuming_turn', 'ninja', 10, '/img/monsters/to-left/regular/kong.png', NULL),
(218, 269, 'vp', '3', 10, NULL, NULL),
(219, 270, 'hp', '10', 10, '10', NULL),
(220, 271, 'in_tokyo', '2', 10, 'kong.png', NULL),
(221, 271, 'vp', '4', 10, NULL, NULL),
(222, 272, 'end_turn', '', 10, NULL, NULL),
(223, 272, 'start_turn', 'sky', 9, '/img/monsters/to-left/regular/draccus.png', NULL),
(224, 273, 'vp', '0', 9, NULL, NULL),
(225, 278, 'hp', '9', 10, '10', NULL),
(226, 278, 'hp', '7', 11, '10', NULL),
(227, 279, 'interrupting_action', 'ninja', 10, '/img/monsters/to-right/regular/kong.png', NULL),
(228, 280, 'interrupting_action', 'indi', 11, '/img/monsters/to-right/regular/cybertooth.png', NULL),
(229, 281, 'resuming_turn', 'sky', 9, '/img/monsters/to-left/regular/draccus.png', NULL),
(230, 281, 'vp', '0', 9, NULL, NULL),
(231, 282, 'mana', '3', 9, NULL, NULL),
(232, 283, 'end_turn', '', 9, NULL, NULL),
(233, 283, 'start_turn', 'indi', 11, '/img/monsters/to-right/regular/cybertooth.png', NULL),
(234, 284, 'vp', '3', 11, NULL, NULL),
(235, 289, 'hp', '7', 9, '10', NULL),
(236, 290, 'vp', '3', 11, NULL, NULL),
(237, 291, 'mana', '1', 11, NULL, NULL),
(238, 292, 'end_turn', '', 11, NULL, NULL),
(239, 292, 'start_turn', 'ninja', 10, '/img/monsters/to-right/regular/kong.png', NULL),
(240, 293, 'vp', '6', 10, NULL, NULL),
(241, 298, 'hp', '5', 9, '10', NULL),
(242, 299, 'vp', '6', 10, NULL, NULL),
(243, 300, 'hp', '9', 10, '10', NULL),
(244, 301, 'end_turn', '', 10, NULL, NULL),
(245, 301, 'start_turn', 'sky', 9, '/img/monsters/to-left/regular/draccus.png', NULL),
(246, 302, 'vp', '0', 9, NULL, NULL),
(247, 305, 'vp', '5', 9, NULL, NULL),
(248, 306, 'end_turn', '', 9, NULL, NULL),
(249, 306, 'start_turn', 'indi', 11, '/img/monsters/to-right/regular/cybertooth.png', NULL),
(250, 307, 'vp', '5', 11, NULL, NULL),
(251, 312, 'vp', '5', 11, NULL, NULL),
(252, 313, 'hp', '0', 9, '10', NULL),
(253, 314, 'dead', 'dead', 9, NULL, NULL),
(254, 315, 'end_turn', '', 11, NULL, NULL),
(255, 315, 'start_turn', 'ninja', 10, '/img/monsters/to-right/regular/kong.png', NULL),
(256, 316, 'vp', '5', 11, NULL, NULL),
(257, 317, 'hp', '0', 9, '10', NULL),
(258, 318, 'dead', 'dead', 9, NULL, NULL),
(259, 319, 'end_turn', '', 11, NULL, NULL),
(260, 319, 'start_turn', 'ninja', 10, '/img/monsters/to-right/regular/kong.png', NULL),
(261, 320, 'vp', '8', 10, NULL, NULL),
(262, 323, 'hp', '0', 9, '10', NULL),
(263, 324, 'dead', 'dead', 9, NULL, NULL),
(264, 325, 'vp', '8', 10, NULL, NULL),
(265, 326, 'hp', '9', 10, '10', NULL),
(266, 327, 'mana', '2', 10, NULL, NULL),
(267, 328, 'out_of_tokyo', '2', 10, NULL, NULL),
(268, 329, 'end_turn', '', 10, NULL, NULL),
(269, 329, 'start_turn', 'indi', 11, '/img/monsters/to-right/regular/cybertooth.png', NULL),
(270, 330, 'vp', '7', 11, NULL, NULL),
(271, 335, 'hp', '0', 9, '10', NULL),
(272, 335, 'hp', '6', 10, '10', NULL),
(273, 336, 'vp', '7', 11, NULL, NULL),
(274, 337, 'end_turn', '', 11, NULL, NULL),
(275, 337, 'start_turn', 'ninja', 10, '/img/monsters/to-left/regular/kong.png', NULL),
(276, 338, 'vp', '8', 10, NULL, NULL),
(277, 343, 'vp', '8', 10, NULL, NULL),
(278, 344, 'hp', '4', 11, '10', NULL),
(279, 345, 'interrupting_action', 'indi', 11, '/img/monsters/to-right/regular/cybertooth.png', NULL),
(280, 346, 'resuming_turn', 'indi', 11, '/img/monsters/to-right/regular/cybertooth.png', NULL),
(281, 346, 'end_turn', '', 10, NULL, NULL),
(282, 346, 'start_turn', 'indi', 11, '/img/monsters/to-right/regular/cybertooth.png', NULL),
(283, 347, 'vp', '9', 11, NULL, NULL),
(284, 352, 'hp', '0', 9, '10', NULL),
(285, 352, 'hp', '2', 10, '10', NULL),
(286, 353, 'vp', '9', 11, NULL, NULL),
(287, 354, 'end_turn', '', 11, NULL, NULL),
(288, 354, 'start_turn', 'ninja', 10, '/img/monsters/to-left/regular/kong.png', NULL),
(289, 355, 'vp', '8', 10, NULL, NULL),
(290, 360, 'vp', '8', 10, NULL, NULL),
(291, 361, 'hp', '3', 10, '10', NULL),
(292, 362, 'hp', '1', 11, '10', NULL),
(293, 363, 'interrupting_action', 'indi', 11, '/img/monsters/to-right/regular/cybertooth.png', NULL),
(294, 364, 'resuming_turn', 'indi', 11, '/img/monsters/to-right/regular/cybertooth.png', NULL),
(295, 364, 'end_turn', '', 10, NULL, NULL),
(296, 364, 'start_turn', 'indi', 11, '/img/monsters/to-right/regular/cybertooth.png', NULL),
(297, 365, 'vp', '11', 11, NULL, NULL),
(298, 370, 'hp', '0', 9, '10', NULL),
(299, 370, 'hp', '0', 10, '10', NULL),
(300, 371, 'dead', 'dead', 10, NULL, NULL),
(301, 374, 'vp', '0', 17, NULL, NULL),
(302, 379, 'vp', '0', 17, NULL, NULL),
(303, 380, 'hp', '10', 17, '10', NULL),
(304, 382, 'mana', '1', 17, NULL, NULL),
(305, 383, 'in_tokyo', '1', 17, 'cyber-bunny.png', NULL),
(306, 383, 'vp', '1', 17, NULL, NULL),
(307, 384, 'end_turn', '', 17, NULL, NULL),
(308, 384, 'start_turn', 'indi', 19, '/img/monsters/to-left/regular/orange-death.png', NULL),
(309, 385, 'vp', '0', 19, NULL, NULL),
(310, 390, 'vp', '0', 19, NULL, NULL),
(311, 391, 'hp', '10', 19, '10', NULL),
(312, 392, 'mana', '1', 19, NULL, NULL),
(313, 393, 'in_tokyo', '2', 19, 'orange-death.png', NULL),
(314, 393, 'vp', '1', 19, NULL, NULL),
(315, 394, 'end_turn', '', 19, NULL, NULL),
(316, 394, 'start_turn', 'ninja', 18, '/img/monsters/to-left/regular/rozy-pony.png', NULL),
(317, 395, 'vp', '0', 18, NULL, NULL),
(318, 400, 'vp', '0', 18, NULL, NULL),
(319, 401, 'hp', '7', 17, '10', NULL),
(320, 401, 'hp', '7', 19, '10', NULL),
(321, 402, 'interrupting_action', 'sky', 17, '/img/monsters/to-right/regular/cyber-bunny.png', NULL),
(322, 403, 'out_of_tokyo', '1', 17, NULL, NULL),
(323, 403, 'interrupting_action', 'indi', 19, '/img/monsters/to-right/regular/orange-death.png', NULL),
(324, 404, 'resuming_turn', 'ninja', 18, '/img/monsters/to-left/regular/rozy-pony.png', NULL),
(325, 404, 'mana', '1', 18, NULL, NULL),
(326, 405, 'in_tokyo', '1', 18, 'rozy-pony.png', NULL),
(327, 405, 'vp', '1', 18, NULL, NULL),
(328, 406, 'end_turn', '', 18, NULL, NULL),
(329, 406, 'start_turn', 'sky', 17, '/img/monsters/to-left/regular/cyber-bunny.png', NULL),
(330, 407, 'vp', '1', 17, NULL, NULL),
(331, 412, 'hp', '7', 18, '10', NULL),
(332, 412, 'hp', '4', 19, '10', NULL),
(333, 413, 'interrupting_action', 'ninja', 18, '/img/monsters/to-right/regular/rozy-pony.png', NULL),
(334, 414, 'interrupting_action', 'indi', 19, '/img/monsters/to-right/regular/orange-death.png', NULL),
(335, 415, 'resuming_turn', 'sky', 17, '/img/monsters/to-left/regular/cyber-bunny.png', NULL),
(336, 415, 'vp', '1', 17, NULL, NULL),
(337, 416, 'hp', '8', 17, '10', NULL),
(338, 417, 'end_turn', '', 17, NULL, NULL),
(339, 417, 'start_turn', 'indi', 19, '/img/monsters/to-right/regular/orange-death.png', NULL),
(340, 418, 'vp', '3', 19, NULL, NULL),
(341, 421, 'vp', '4', 19, NULL, NULL),
(342, 422, 'mana', '2', 19, NULL, NULL),
(343, 423, 'end_turn', '', 19, NULL, NULL),
(344, 423, 'start_turn', 'ninja', 18, '/img/monsters/to-right/regular/rozy-pony.png', NULL),
(345, 424, 'vp', '3', 18, NULL, NULL),
(346, 427, 'vp', '3', 18, NULL, NULL),
(347, 428, 'hp', '7', 18, '10', NULL),
(348, 429, 'hp', '7', 17, '10', NULL),
(349, 430, 'mana', '2', 18, NULL, NULL),
(350, 431, 'end_turn', '', 18, NULL, NULL),
(351, 431, 'start_turn', 'sky', 17, '/img/monsters/to-left/regular/cyber-bunny.png', NULL),
(352, 432, 'vp', '1', 17, NULL, NULL),
(353, 437, 'vp', '1', 17, NULL, NULL),
(354, 438, 'hp', '8', 17, '10', NULL),
(355, 439, 'hp', '6', 18, '10', NULL),
(356, 439, 'hp', '3', 19, '10', NULL),
(357, 440, 'interrupting_action', 'ninja', 18, '/img/monsters/to-right/regular/rozy-pony.png', NULL),
(358, 441, 'out_of_tokyo', '1', 18, NULL, NULL),
(359, 441, 'interrupting_action', 'indi', 19, '/img/monsters/to-right/regular/orange-death.png', NULL),
(360, 442, 'resuming_turn', 'sky', 17, '/img/monsters/to-left/regular/cyber-bunny.png', NULL),
(361, 442, 'mana', '3', 17, NULL, NULL),
(362, 443, 'in_tokyo', '1', 17, 'cyber-bunny.png', NULL),
(363, 443, 'vp', '2', 17, NULL, NULL),
(364, 444, 'end_turn', '', 17, NULL, NULL),
(365, 444, 'start_turn', 'indi', 19, '/img/monsters/to-right/regular/orange-death.png', NULL),
(366, 445, 'vp', '6', 19, NULL, NULL),
(367, 450, 'hp', '4', 18, '10', NULL),
(368, 451, 'mana', '3', 19, NULL, NULL),
(369, 452, 'vp', '6', 19, NULL, NULL),
(370, 453, 'end_turn', '', 19, NULL, NULL),
(371, 453, 'start_turn', 'ninja', 18, '/img/monsters/to-left/regular/rozy-pony.png', NULL),
(372, 454, 'vp', '3', 18, NULL, NULL),
(373, 458, 'vp', '3', 18, NULL, NULL),
(374, 459, 'hp', '5', 18, '10', NULL),
(375, 460, 'mana', '4', 18, NULL, NULL),
(376, 461, 'end_turn', '', 18, NULL, NULL),
(377, 461, 'start_turn', 'sky', 17, '/img/monsters/to-right/regular/cyber-bunny.png', NULL),
(378, 462, 'vp', '4', 17, NULL, NULL),
(379, 467, 'mana', '5', 17, NULL, NULL),
(380, 468, 'hp', '2', 18, '10', NULL),
(381, 469, 'vp', '4', 17, NULL, NULL),
(382, 470, 'end_turn', '', 17, NULL, NULL),
(383, 470, 'start_turn', 'indi', 19, '/img/monsters/to-right/regular/orange-death.png', NULL),
(384, 471, 'vp', '8', 19, NULL, NULL),
(385, 475, 'vp', '8', 19, NULL, NULL),
(386, 476, 'hp', '3', 19, '10', NULL),
(387, 477, 'end_turn', '', 19, NULL, NULL),
(388, 477, 'start_turn', 'ninja', 18, '/img/monsters/to-left/regular/rozy-pony.png', NULL),
(389, 478, 'vp', '3', 18, NULL, NULL),
(390, 483, 'vp', '3', 18, NULL, NULL),
(391, 484, 'hp', '3', 18, '10', NULL),
(392, 485, 'mana', '5', 18, NULL, NULL),
(393, 486, 'hp', '7', 17, '10', NULL),
(394, 486, 'hp', '2', 19, '10', NULL),
(395, 487, 'interrupting_action', 'sky', 17, '/img/monsters/to-right/regular/cyber-bunny.png', NULL),
(396, 488, 'interrupting_action', 'indi', 19, '/img/monsters/to-right/regular/orange-death.png', NULL),
(397, 489, 'resuming_turn', 'sky', 17, '/img/monsters/to-right/regular/cyber-bunny.png', NULL),
(398, 489, 'end_turn', '', 18, NULL, NULL),
(399, 489, 'start_turn', 'sky', 17, '/img/monsters/to-right/regular/cyber-bunny.png', NULL),
(400, 490, 'vp', '6', 17, NULL, NULL),
(401, 495, 'vp', '6', 17, NULL, NULL),
(402, 496, 'hp', '0', 18, '10', NULL),
(403, 497, 'dead', 'dead', 18, NULL, NULL),
(404, 498, 'end_turn', '', 17, NULL, NULL),
(405, 498, 'start_turn', 'indi', 19, '/img/monsters/to-right/regular/orange-death.png', NULL),
(406, 499, 'end_turn', '', 19, NULL, NULL),
(407, 499, 'start_turn', 'indi', 19, '/img/monsters/to-right/regular/orange-death.png', NULL),
(408, 500, 'vp', '6', 17, NULL, NULL),
(409, 501, 'hp', '0', 18, '10', NULL),
(410, 502, 'dead', 'dead', 18, NULL, NULL),
(411, 503, 'end_turn', '', 19, NULL, NULL),
(412, 503, 'start_turn', 'indi', 19, '/img/monsters/to-right/regular/orange-death.png', NULL),
(413, 504, 'hp', '0', 18, '10', NULL),
(414, 505, 'dead', 'dead', 18, NULL, NULL),
(415, 506, 'out_of_tokyo', '2', 19, NULL, NULL),
(416, 507, 'end_turn', '', 19, NULL, NULL),
(417, 507, 'start_turn', 'indi', 19, '/img/monsters/to-left/regular/orange-death.png', NULL),
(418, 508, 'vp', '8', 19, NULL, NULL),
(419, 513, 'vp', '8', 19, NULL, NULL),
(420, 514, 'mana', '4', 19, NULL, NULL),
(421, 515, 'end_turn', '', 19, NULL, NULL),
(422, 515, 'start_turn', 'sky', 17, '/img/monsters/to-right/regular/cyber-bunny.png', NULL),
(423, 516, 'vp', '8', 17, NULL, NULL),
(424, 520, 'vp', '9', 17, NULL, NULL),
(425, 521, 'end_turn', '', 17, NULL, NULL),
(426, 521, 'start_turn', 'indi', 19, '/img/monsters/to-left/regular/orange-death.png', NULL),
(427, 522, 'vp', '8', 19, NULL, NULL),
(428, 527, 'vp', '8', 19, NULL, NULL),
(429, 528, 'hp', '4', 17, '10', NULL),
(430, 529, 'interrupting_action', 'sky', 17, '/img/monsters/to-right/regular/cyber-bunny.png', NULL),
(431, 530, 'resuming_turn', 'indi', 19, '/img/monsters/to-left/regular/orange-death.png', NULL),
(432, 530, 'hp', '4', 19, '10', NULL),
(433, 531, 'end_turn', '', 19, NULL, NULL),
(434, 531, 'start_turn', 'sky', 17, '/img/monsters/to-right/regular/cyber-bunny.png', NULL),
(435, 532, 'vp', '11', 17, NULL, NULL),
(436, 537, 'vp', '11', 17, NULL, NULL),
(437, 538, 'mana', '8', 17, NULL, NULL),
(438, 539, 'end_turn', '', 17, NULL, NULL),
(439, 539, 'start_turn', 'indi', 19, '/img/monsters/to-left/regular/orange-death.png', NULL),
(440, 540, 'vp', '8', 19, NULL, NULL),
(441, 545, 'vp', '8', 19, NULL, NULL),
(442, 546, 'hp', '5', 19, '10', NULL),
(443, 547, 'end_turn', '', 19, NULL, NULL),
(444, 547, 'start_turn', 'sky', 17, '/img/monsters/to-right/regular/cyber-bunny.png', NULL),
(445, 548, 'vp', '13', 17, NULL, NULL),
(446, 552, 'vp', '15', 17, NULL, NULL),
(447, 553, 'end_turn', '', 17, NULL, NULL),
(448, 553, 'start_turn', 'indi', 19, '/img/monsters/to-left/regular/orange-death.png', NULL),
(449, 554, 'vp', '8', 19, NULL, NULL),
(450, 559, 'vp', '12', 19, NULL, NULL),
(451, 560, 'hp', '6', 19, '10', NULL),
(452, 561, 'end_turn', '', 19, NULL, NULL),
(453, 561, 'start_turn', 'sky', 17, '/img/monsters/to-right/regular/cyber-bunny.png', NULL),
(454, 562, 'vp', '17', 17, NULL, NULL),
(455, 567, 'vp', '17', 17, NULL, NULL),
(456, 568, 'hp', '4', 17, '10', NULL),
(457, 569, 'hp', '0', 18, '10', NULL),
(458, 569, 'hp', '5', 19, '10', NULL),
(459, 570, 'end_turn', '', 17, NULL, NULL),
(460, 570, 'start_turn', 'indi', 19, '/img/monsters/to-left/regular/orange-death.png', NULL),
(461, 571, 'vp', '12', 19, NULL, NULL),
(462, 576, 'vp', '15', 19, NULL, NULL),
(463, 577, 'hp', '3', 17, '10', NULL),
(464, 578, 'interrupting_action', 'sky', 17, '/img/monsters/to-right/regular/cyber-bunny.png', NULL),
(465, 579, 'resuming_turn', 'indi', 19, '/img/monsters/to-left/regular/orange-death.png', NULL),
(466, 579, 'hp', '7', 19, '10', NULL),
(467, 580, 'end_turn', '', 19, NULL, NULL),
(468, 580, 'start_turn', 'sky', 17, '/img/monsters/to-right/regular/cyber-bunny.png', NULL),
(469, 581, 'vp', '19', 17, NULL, NULL),
(470, 584, 'vp', '20', 17, NULL, NULL),
(471, 587, 'vp', '0', 21, NULL, NULL),
(472, 591, 'vp', '5', 21, NULL, NULL),
(473, 592, 'in_tokyo', '1', 21, 'x-smash-tree.png', NULL),
(474, 592, 'vp', '6', 21, NULL, NULL),
(475, 593, 'end_turn', '', 21, NULL, NULL),
(476, 593, 'start_turn', 'ninja', 22, '/img/monsters/to-left/regular/alienoid.png', NULL),
(477, 594, 'vp', '0', 22, NULL, NULL),
(478, 599, 'hp', '7', 21, '10', NULL),
(479, 600, 'interrupting_action', 'sky', 21, '/img/monsters/to-right/regular/x-smash-tree.png', NULL),
(480, 601, 'resuming_turn', 'ninja', 22, '/img/monsters/to-left/regular/alienoid.png', NULL),
(481, 601, 'vp', '0', 22, NULL, NULL),
(482, 602, 'in_tokyo', '2', 22, 'alienoid.png', NULL),
(483, 602, 'vp', '1', 22, NULL, NULL),
(484, 603, 'end_turn', '', 22, NULL, NULL),
(485, 603, 'start_turn', 'indi', 20, '/img/monsters/to-left/regular/boogie-woogie.png', NULL),
(486, 604, 'vp', '0', 20, NULL, NULL),
(487, 609, 'mana', '1', 20, NULL, NULL),
(488, 610, 'hp', '2', 21, '10', NULL),
(489, 610, 'hp', '5', 22, '10', NULL),
(490, 611, 'interrupting_action', 'sky', 21, '/img/monsters/to-right/regular/x-smash-tree.png', NULL),
(491, 612, 'interrupting_action', 'ninja', 22, '/img/monsters/to-right/regular/alienoid.png', NULL),
(492, 613, 'resuming_turn', 'sky', 21, '/img/monsters/to-right/regular/x-smash-tree.png', NULL),
(493, 613, 'end_turn', '', 20, NULL, NULL),
(494, 613, 'start_turn', 'sky', 21, '/img/monsters/to-right/regular/x-smash-tree.png', NULL),
(495, 614, 'vp', '8', 21, NULL, NULL),
(496, 619, 'vp', '11', 21, NULL, NULL),
(497, 620, 'hp', '2', 21, '10', NULL),
(498, 621, 'mana', '2', 21, NULL, NULL),
(499, 622, 'end_turn', '', 21, NULL, NULL),
(500, 622, 'start_turn', 'ninja', 22, '/img/monsters/to-right/regular/alienoid.png', NULL),
(501, 623, 'vp', '3', 22, NULL, NULL),
(502, 626, 'vp', '4', 22, NULL, NULL),
(503, 627, 'hp', '5', 22, '10', NULL),
(504, 628, 'end_turn', '', 22, NULL, NULL),
(505, 628, 'start_turn', 'indi', 20, '/img/monsters/to-left/regular/boogie-woogie.png', NULL),
(506, 629, 'vp', '0', 20, NULL, NULL),
(507, 634, 'vp', '2', 20, NULL, NULL),
(508, 635, 'hp', '10', 20, '10', NULL),
(509, 636, 'mana', '2', 20, NULL, NULL),
(510, 637, 'end_turn', '', 20, NULL, NULL),
(511, 637, 'start_turn', 'sky', 21, '/img/monsters/to-right/regular/x-smash-tree.png', NULL),
(512, 638, 'vp', '13', 21, NULL, NULL),
(513, 641, 'vp', '13', 21, NULL, NULL),
(514, 642, 'hp', '2', 21, '10', NULL),
(515, 643, 'mana', '3', 21, NULL, NULL),
(516, 644, 'end_turn', '', 21, NULL, NULL),
(517, 644, 'start_turn', 'ninja', 22, '/img/monsters/to-right/regular/alienoid.png', NULL),
(518, 645, 'vp', '6', 22, NULL, NULL),
(519, 648, 'vp', '6', 22, NULL, NULL),
(520, 649, 'hp', '9', 20, '10', NULL),
(521, 650, 'end_turn', '', 22, NULL, NULL),
(522, 650, 'start_turn', 'indi', 20, '/img/monsters/to-left/regular/boogie-woogie.png', NULL),
(523, 651, 'vp', '2', 20, NULL, NULL),
(524, 655, 'vp', '2', 20, NULL, NULL),
(525, 656, 'hp', '10', 20, '10', NULL),
(526, 657, 'mana', '4', 20, NULL, NULL),
(527, 658, 'hp', '0', 21, '10', NULL),
(528, 658, 'out_of_tokyo', '1', 21, NULL, NULL),
(529, 658, 'hp', '3', 22, '10', NULL),
(530, 659, 'dead', 'dead', 21, NULL, NULL),
(531, 660, 'interrupting_action', 'ninja', 22, '/img/monsters/to-right/regular/alienoid.png', NULL),
(532, 661, 'resuming_turn', 'indi', 20, '/img/monsters/to-left/regular/boogie-woogie.png', NULL),
(533, 661, 'in_tokyo', '1', 20, 'boogie-woogie.png', NULL),
(534, 661, 'vp', '3', 20, NULL, NULL),
(535, 662, 'end_turn', '', 20, NULL, NULL),
(536, 662, 'start_turn', 'ninja', 22, '/img/monsters/to-right/regular/alienoid.png', NULL),
(537, 663, 'vp', '8', 22, NULL, NULL),
(538, 666, 'vp', '8', 22, NULL, NULL),
(539, 667, 'hp', '3', 22, '10', NULL),
(540, 668, 'hp', '0', 21, '10', NULL),
(541, 669, 'out_of_tokyo', '2', 22, NULL, NULL),
(542, 670, 'end_turn', '', 22, NULL, NULL),
(543, 670, 'start_turn', 'indi', 20, '/img/monsters/to-right/regular/boogie-woogie.png', NULL),
(544, 671, 'vp', '8', 22, NULL, NULL),
(545, 672, 'hp', '0', 21, '10', NULL),
(546, 673, 'dead', 'dead', 21, NULL, NULL),
(547, 674, 'hp', '3', 22, '10', NULL),
(548, 675, 'out_of_tokyo', '2', 22, NULL, NULL),
(549, 676, 'end_turn', '', 22, NULL, NULL),
(550, 676, 'start_turn', 'indi', 20, '/img/monsters/to-right/regular/boogie-woogie.png', NULL),
(551, 678, 'vp', '0', 24, NULL, NULL),
(552, 683, 'vp', '4', 24, NULL, NULL),
(553, 684, 'mana', '1', 24, NULL, NULL),
(554, 685, 'in_tokyo', '1', 24, 'rozy-pony.png', NULL),
(555, 685, 'vp', '5', 24, NULL, NULL),
(556, 686, 'end_turn', '', 24, NULL, NULL),
(557, 686, 'start_turn', 'indi', 25, '/img/monsters/to-left/regular/giga-zaur.png', NULL),
(558, 687, 'vp', '0', 25, NULL, NULL),
(559, 692, 'vp', '0', 25, NULL, NULL),
(560, 693, 'hp', '8', 24, '10', NULL),
(561, 694, 'interrupting_action', 'sky', 24, '/img/monsters/to-right/regular/rozy-pony.png', NULL),
(562, 695, 'resuming_turn', 'indi', 25, '/img/monsters/to-left/regular/giga-zaur.png', NULL),
(563, 695, 'hp', '10', 25, '10', NULL),
(564, 696, 'in_tokyo', '2', 25, 'giga-zaur.png', NULL),
(565, 696, 'vp', '1', 25, NULL, NULL),
(566, 697, 'end_turn', '', 25, NULL, NULL),
(567, 697, 'start_turn', 'ninja', 27, '/img/monsters/to-left/regular/cybertooth.png', NULL),
(568, 698, 'vp', '0', 27, NULL, NULL),
(569, 703, 'vp', '0', 27, NULL, NULL),
(570, 704, 'hp', '10', 27, '10', NULL),
(571, 705, 'hp', '6', 24, '10', NULL),
(572, 705, 'hp', '8', 25, '10', NULL),
(573, 706, 'interrupting_action', 'sky', 24, '/img/monsters/to-right/regular/rozy-pony.png', NULL),
(574, 707, 'out_of_tokyo', '1', 24, NULL, NULL),
(575, 707, 'interrupting_action', 'indi', 25, '/img/monsters/to-right/regular/giga-zaur.png', NULL),
(576, 708, 'out_of_tokyo', '2', 25, NULL, NULL),
(577, 708, 'resuming_turn', 'ninja', 27, '/img/monsters/to-left/regular/cybertooth.png', NULL),
(578, 708, 'in_tokyo', '1', 27, 'cybertooth.png', NULL),
(579, 708, 'vp', '1', 27, NULL, NULL),
(580, 709, 'end_turn', '', 27, NULL, NULL),
(581, 709, 'start_turn', 'sky', 24, '/img/monsters/to-left/regular/rozy-pony.png', NULL),
(582, 710, 'vp', '5', 24, NULL, NULL),
(583, 714, 'vp', '8', 24, NULL, NULL),
(584, 715, 'in_tokyo', '2', 24, 'rozy-pony.png', NULL),
(585, 715, 'vp', '9', 24, NULL, NULL),
(586, 716, 'end_turn', '', 24, NULL, NULL),
(587, 716, 'start_turn', 'indi', 25, '/img/monsters/to-left/regular/giga-zaur.png', NULL),
(588, 717, 'vp', '1', 25, NULL, NULL),
(589, 722, 'vp', '3', 25, NULL, NULL),
(590, 723, 'hp', '4', 24, '10', NULL),
(591, 723, 'hp', '8', 27, '10', NULL),
(592, 724, 'interrupting_action', 'sky', 24, '/img/monsters/to-right/regular/rozy-pony.png', NULL),
(593, 725, 'interrupting_action', 'ninja', 27, '/img/monsters/to-right/regular/cybertooth.png', NULL),
(594, 726, 'out_of_tokyo', '1', 27, NULL, NULL),
(595, 726, 'resuming_turn', 'indi', 25, '/img/monsters/to-left/regular/giga-zaur.png', NULL),
(596, 726, 'in_tokyo', '1', 25, 'giga-zaur.png', NULL),
(597, 726, 'vp', '4', 25, NULL, NULL),
(598, 727, 'end_turn', '', 25, NULL, NULL),
(599, 727, 'start_turn', 'ninja', 27, '/img/monsters/to-left/regular/cybertooth.png', NULL),
(600, 728, 'vp', '1', 27, NULL, NULL),
(601, 733, 'hp', '10', 27, '10', NULL),
(602, 734, 'vp', '1', 27, NULL, NULL),
(603, 735, 'hp', '2', 24, '10', NULL),
(604, 735, 'hp', '6', 25, '10', NULL),
(605, 736, 'interrupting_action', 'sky', 24, '/img/monsters/to-right/regular/rozy-pony.png', NULL),
(606, 737, 'out_of_tokyo', '2', 24, NULL, NULL),
(607, 737, 'interrupting_action', 'indi', 25, '/img/monsters/to-right/regular/giga-zaur.png', NULL),
(608, 738, 'resuming_turn', 'ninja', 27, '/img/monsters/to-left/regular/cybertooth.png', NULL),
(609, 738, 'in_tokyo', '2', 27, 'cybertooth.png', NULL),
(610, 738, 'vp', '2', 27, NULL, NULL),
(611, 739, 'end_turn', '', 27, NULL, NULL),
(612, 739, 'start_turn', 'sky', 24, '/img/monsters/to-left/regular/rozy-pony.png', NULL),
(613, 740, 'vp', '9', 24, NULL, NULL),
(614, 745, 'hp', '3', 24, '10', NULL),
(615, 746, 'hp', '2', 25, '10', NULL),
(616, 746, 'hp', '6', 27, '10', NULL),
(617, 747, 'interrupting_action', 'indi', 25, '/img/monsters/to-right/regular/giga-zaur.png', NULL),
(618, 748, 'interrupting_action', 'ninja', 27, '/img/monsters/to-right/regular/cybertooth.png', NULL),
(619, 749, 'resuming_turn', 'sky', 24, '/img/monsters/to-left/regular/rozy-pony.png', NULL),
(620, 749, 'mana', '2', 24, NULL, NULL),
(621, 750, 'end_turn', '', 24, NULL, NULL),
(622, 750, 'start_turn', 'indi', 25, '/img/monsters/to-right/regular/giga-zaur.png', NULL),
(623, 751, 'vp', '6', 25, NULL, NULL),
(624, 756, 'vp', '8', 25, NULL, NULL),
(625, 757, 'mana', '2', 25, NULL, NULL),
(626, 758, 'end_turn', '', 25, NULL, NULL),
(627, 758, 'start_turn', 'ninja', 27, '/img/monsters/to-right/regular/cybertooth.png', NULL),
(628, 759, 'vp', '4', 27, NULL, NULL),
(629, 764, 'vp', '4', 27, NULL, NULL),
(630, 765, 'hp', '1', 24, '10', NULL),
(631, 766, 'hp', '6', 27, '10', NULL),
(632, 767, 'end_turn', '', 27, NULL, NULL),
(633, 767, 'start_turn', 'sky', 24, '/img/monsters/to-left/regular/rozy-pony.png', NULL),
(634, 768, 'vp', '9', 24, NULL, NULL),
(635, 771, 'vp', '9', 24, NULL, NULL),
(636, 772, 'hp', '0', 25, '10', NULL),
(637, 772, 'out_of_tokyo', '1', 25, NULL, NULL),
(638, 772, 'hp', '4', 27, '10', NULL),
(639, 773, 'dead', 'dead', 25, NULL, NULL),
(640, 774, 'interrupting_action', 'ninja', 27, '/img/monsters/to-right/regular/cybertooth.png', NULL),
(641, 775, 'resuming_turn', 'sky', 24, '/img/monsters/to-left/regular/rozy-pony.png', NULL),
(642, 775, 'mana', '3', 24, NULL, NULL),
(643, 776, 'in_tokyo', '1', 24, 'rozy-pony.png', NULL),
(644, 776, 'vp', '10', 24, NULL, NULL),
(645, 777, 'end_turn', '', 24, NULL, NULL),
(646, 777, 'start_turn', 'ninja', 27, '/img/monsters/to-right/regular/cybertooth.png', NULL),
(647, 778, 'vp', '6', 27, NULL, NULL),
(648, 783, 'vp', '6', 27, NULL, NULL),
(649, 784, 'hp', '4', 27, '10', NULL),
(650, 785, 'out_of_tokyo', '2', 27, NULL, NULL),
(651, 786, 'end_turn', '', 27, NULL, NULL),
(652, 786, 'start_turn', 'sky', 24, '/img/monsters/to-right/regular/rozy-pony.png', NULL),
(653, 787, 'vp', '12', 24, NULL, NULL),
(654, 792, 'vp', '16', 24, NULL, NULL),
(655, 793, 'hp', '0', 25, '10', NULL),
(656, 793, 'hp', '3', 27, '10', NULL),
(657, 794, 'mana', '4', 24, NULL, NULL),
(658, 795, 'end_turn', '', 24, NULL, NULL),
(659, 795, 'start_turn', 'ninja', 27, '/img/monsters/to-left/regular/cybertooth.png', NULL),
(660, 796, 'vp', '6', 27, NULL, NULL),
(661, 800, 'vp', '6', 27, NULL, NULL),
(662, 801, 'hp', '4', 27, '10', NULL),
(663, 802, 'mana', '1', 27, NULL, NULL),
(664, 803, 'end_turn', '', 27, NULL, NULL),
(665, 803, 'start_turn', 'sky', 24, '/img/monsters/to-right/regular/rozy-pony.png', NULL),
(666, 804, 'vp', '18', 24, NULL, NULL),
(667, 808, 'hp', '1', 24, '10', NULL),
(668, 809, 'mana', '5', 24, NULL, NULL),
(669, 810, 'hp', '0', 25, '10', NULL),
(670, 810, 'hp', '0', 27, '10', NULL),
(671, 811, 'dead', 'dead', 27, NULL, NULL),
(672, 814, 'vp', '0', 30, NULL, NULL),
(673, 819, 'vp', '2', 30, NULL, NULL),
(674, 821, 'mana', '1', 30, NULL, NULL),
(675, 822, 'in_tokyo', '1', 30, 'the-king.png', NULL),
(676, 822, 'vp', '3', 30, NULL, NULL),
(677, 823, 'end_turn', '', 30, NULL, NULL),
(678, 823, 'start_turn', 'ninja', 29, '/img/monsters/to-left/regular/sheriff.png', NULL),
(679, 824, 'vp', '0', 29, NULL, NULL),
(680, 829, 'vp', '0', 29, NULL, NULL),
(681, 830, 'hp', '10', 29, '10', NULL),
(682, 831, 'mana', '1', 29, NULL, NULL),
(683, 832, 'hp', '9', 30, '10', NULL),
(684, 833, 'interrupting_action', 'indi', 30, '/img/monsters/to-right/regular/the-king.png', NULL),
(685, 834, 'resuming_turn', 'ninja', 29, '/img/monsters/to-left/regular/sheriff.png', NULL),
(686, 834, 'in_tokyo', '2', 29, 'sheriff.png', NULL),
(687, 834, 'vp', '1', 29, NULL, NULL),
(688, 835, 'end_turn', '', 29, NULL, NULL),
(689, 835, 'start_turn', 'sky', 28, '/img/monsters/to-left/regular/kong.png', NULL),
(690, 836, 'vp', '0', 28, NULL, NULL),
(691, 841, 'vp', '0', 28, NULL, NULL),
(692, 842, 'mana', '2', 28, NULL, NULL),
(693, 843, 'hp', '7', 29, '10', NULL),
(694, 843, 'hp', '6', 30, '10', NULL),
(695, 844, 'interrupting_action', 'ninja', 29, '/img/monsters/to-right/regular/sheriff.png', NULL),
(696, 845, 'interrupting_action', 'indi', 30, '/img/monsters/to-right/regular/the-king.png', NULL),
(697, 846, 'out_of_tokyo', '1', 30, NULL, NULL),
(698, 846, 'resuming_turn', 'sky', 28, '/img/monsters/to-left/regular/kong.png', NULL),
(699, 846, 'in_tokyo', '1', 28, 'kong.png', NULL),
(700, 846, 'vp', '1', 28, NULL, NULL),
(701, 847, 'end_turn', '', 28, NULL, NULL),
(702, 847, 'start_turn', 'indi', 30, '/img/monsters/to-left/regular/the-king.png', NULL),
(703, 848, 'vp', '3', 30, NULL, NULL),
(704, 853, 'hp', '7', 28, '10', NULL),
(705, 853, 'hp', '4', 29, '10', NULL),
(706, 854, 'interrupting_action', 'sky', 28, '/img/monsters/to-right/regular/kong.png', NULL),
(707, 855, 'interrupting_action', 'ninja', 29, '/img/monsters/to-right/regular/sheriff.png', NULL),
(708, 856, 'resuming_turn', 'indi', 30, '/img/monsters/to-left/regular/the-king.png', NULL),
(709, 856, 'hp', '8', 30, '10', NULL),
(710, 857, 'mana', '2', 30, NULL, NULL),
(711, 858, 'end_turn', '', 30, NULL, NULL),
(712, 858, 'start_turn', 'ninja', 29, '/img/monsters/to-right/regular/sheriff.png', NULL),
(713, 859, 'vp', '3', 29, NULL, NULL),
(714, 864, 'hp', '5', 30, '10', NULL),
(715, 865, 'mana', '3', 29, NULL, NULL),
(716, 866, 'vp', '3', 29, NULL, NULL),
(717, 867, 'end_turn', '', 29, NULL, NULL),
(718, 867, 'start_turn', 'sky', 28, '/img/monsters/to-right/regular/kong.png', NULL),
(719, 868, 'vp', '3', 28, NULL, NULL),
(720, 873, 'vp', '7', 28, NULL, NULL),
(721, 874, 'hp', '4', 30, '10', NULL),
(722, 875, 'end_turn', '', 28, NULL, NULL),
(723, 875, 'start_turn', 'indi', 30, '/img/monsters/to-left/regular/the-king.png', NULL),
(724, 876, 'vp', '3', 30, NULL, NULL),
(725, 881, 'hp', '6', 30, '10', NULL),
(726, 882, 'vp', '3', 30, NULL, NULL),
(727, 883, 'hp', '5', 28, '10', NULL),
(728, 883, 'hp', '2', 29, '10', NULL),
(729, 884, 'interrupting_action', 'sky', 28, '/img/monsters/to-right/regular/kong.png', NULL),
(730, 885, 'out_of_tokyo', '1', 28, NULL, NULL),
(731, 885, 'interrupting_action', 'ninja', 29, '/img/monsters/to-right/regular/sheriff.png', NULL),
(732, 886, 'resuming_turn', 'indi', 30, '/img/monsters/to-left/regular/the-king.png', NULL),
(733, 886, 'in_tokyo', '1', 30, 'the-king.png', NULL),
(734, 886, 'vp', '4', 30, NULL, NULL),
(735, 887, 'end_turn', '', 30, NULL, NULL),
(736, 887, 'start_turn', 'ninja', 29, '/img/monsters/to-right/regular/sheriff.png', NULL),
(737, 888, 'vp', '5', 29, NULL, NULL),
(738, 893, 'vp', '7', 29, NULL, NULL),
(739, 894, 'mana', '4', 29, NULL, NULL),
(740, 895, 'hp', '4', 28, '10', NULL),
(741, 896, 'end_turn', '', 29, NULL, NULL),
(742, 896, 'start_turn', 'sky', 28, '/img/monsters/to-left/regular/kong.png', NULL),
(743, 897, 'vp', '7', 28, NULL, NULL),
(744, 902, 'hp', '0', 29, '10', NULL),
(745, 902, 'out_of_tokyo', '2', 29, NULL, NULL),
(746, 902, 'hp', '3', 30, '10', NULL),
(747, 903, 'dead', 'dead', 29, NULL, NULL),
(748, 904, 'interrupting_action', 'indi', 30, '/img/monsters/to-right/regular/the-king.png', NULL),
(749, 905, 'resuming_turn', 'sky', 28, '/img/monsters/to-left/regular/kong.png', NULL),
(750, 905, 'mana', '5', 28, NULL, NULL),
(751, 906, 'end_turn', '', 28, NULL, NULL),
(752, 906, 'start_turn', 'indi', 30, '/img/monsters/to-right/regular/the-king.png', NULL),
(753, 907, 'vp', '6', 30, NULL, NULL),
(754, 911, 'hp', '1', 28, '10', NULL),
(755, 911, 'hp', '0', 29, '10', NULL),
(756, 912, 'vp', '6', 30, NULL, NULL),
(757, 913, 'mana', '3', 30, NULL, NULL),
(758, 914, 'end_turn', '', 30, NULL, NULL),
(759, 914, 'start_turn', 'sky', 28, '/img/monsters/to-left/regular/kong.png', NULL),
(760, 915, 'vp', '7', 28, NULL, NULL),
(761, 920, 'vp', '7', 28, NULL, NULL),
(762, 921, 'hp', '3', 28, '10', NULL),
(763, 922, 'mana', '6', 28, NULL, NULL),
(764, 923, 'hp', '1', 30, '10', NULL),
(765, 924, 'interrupting_action', 'indi', 30, '/img/monsters/to-right/regular/the-king.png', NULL),
(766, 925, 'resuming_turn', 'indi', 30, '/img/monsters/to-right/regular/the-king.png', NULL),
(767, 925, 'end_turn', '', 28, NULL, NULL),
(768, 925, 'start_turn', 'indi', 30, '/img/monsters/to-right/regular/the-king.png', NULL),
(769, 926, 'vp', '8', 30, NULL, NULL),
(770, 931, 'hp', '0', 28, '10', NULL),
(771, 931, 'hp', '0', 29, '10', NULL),
(772, 932, 'dead', 'dead', 28, NULL, NULL),
(773, 933, 'has_won_by_killing', 'indi', 30, 'the-king.png', NULL),
(774, 935, 'vp', '0', 31, NULL, NULL),
(775, 940, 'vp', '3', 31, NULL, NULL),
(776, 941, 'hp', '10', 31, '10', NULL),
(777, 942, 'mana', '1', 31, NULL, NULL),
(778, 943, 'in_tokyo', '1', 31, 'ali-san.png', NULL),
(779, 943, 'vp', '4', 31, NULL, NULL),
(780, 944, 'end_turn', '', 31, NULL, NULL),
(781, 944, 'start_turn', 'ninja', 32, '/img/monsters/to-left/regular/lollybot.png', NULL),
(782, 945, 'vp', '0', 32, NULL, NULL),
(783, 950, 'hp', '7', 31, '10', NULL),
(784, 951, 'interrupting_action', 'sky', 31, '/img/monsters/to-right/regular/ali-san.png', NULL),
(785, 952, 'resuming_turn', 'ninja', 32, '/img/monsters/to-left/regular/lollybot.png', NULL),
(786, 952, 'vp', '2', 32, NULL, NULL),
(787, 953, 'in_tokyo', '2', 32, 'lollybot.png', NULL),
(788, 953, 'vp', '3', 32, NULL, NULL),
(789, 954, 'end_turn', '', 32, NULL, NULL),
(790, 954, 'start_turn', 'indi', 33, '/img/monsters/to-left/regular/boogie-woogie.png', NULL),
(791, 955, 'vp', '0', 33, NULL, NULL),
(792, 960, 'vp', '0', 33, NULL, NULL),
(793, 961, 'hp', '10', 33, '10', NULL),
(794, 962, 'mana', '1', 33, NULL, NULL),
(795, 963, 'hp', '6', 31, '10', NULL),
(796, 963, 'hp', '9', 32, '10', NULL),
(797, 964, 'interrupting_action', 'sky', 31, '/img/monsters/to-right/regular/ali-san.png', NULL),
(798, 965, 'out_of_tokyo', '1', 31, NULL, NULL),
(799, 965, 'interrupting_action', 'ninja', 32, '/img/monsters/to-right/regular/lollybot.png', NULL),
(800, 966, 'resuming_turn', 'indi', 33, '/img/monsters/to-left/regular/boogie-woogie.png', NULL),
(801, 966, 'in_tokyo', '1', 33, 'boogie-woogie.png', NULL),
(802, 966, 'vp', '1', 33, NULL, NULL),
(803, 967, 'end_turn', '', 33, NULL, NULL),
(804, 967, 'start_turn', 'MEC COOL', 34, '/img/monsters/to-left/regular/cybertooth.png', NULL),
(805, 968, 'vp', '0', 34, NULL, NULL),
(806, 972, 'vp', '5', 34, NULL, NULL),
(807, 973, 'end_turn', '', 34, NULL, NULL),
(808, 973, 'start_turn', 'sky', 31, '/img/monsters/to-left/regular/ali-san.png', NULL),
(809, 974, 'vp', '4', 31, NULL, NULL),
(810, 979, 'hp', '9', 31, '10', NULL),
(811, 980, 'hp', '7', 32, '10', NULL),
(812, 980, 'hp', '8', 33, '10', NULL),
(813, 981, 'interrupting_action', 'ninja', 32, '/img/monsters/to-right/regular/lollybot.png', NULL),
(814, 982, 'interrupting_action', 'indi', 33, '/img/monsters/to-right/regular/boogie-woogie.png', NULL),
(815, 983, 'resuming_turn', 'sky', 31, '/img/monsters/to-left/regular/ali-san.png', NULL),
(816, 983, 'vp', '4', 31, NULL, NULL),
(817, 984, 'end_turn', '', 31, NULL, NULL),
(818, 984, 'start_turn', 'ninja', 32, '/img/monsters/to-right/regular/lollybot.png', NULL),
(819, 985, 'vp', '5', 32, NULL, NULL),
(820, 990, 'vp', '5', 32, NULL, NULL),
(821, 991, 'mana', '1', 32, NULL, NULL),
(822, 992, 'hp', '6', 31, '10', NULL),
(823, 992, 'hp', '7', 34, '10', NULL),
(824, 993, 'end_turn', '', 32, NULL, NULL),
(825, 993, 'start_turn', 'indi', 33, '/img/monsters/to-right/regular/boogie-woogie.png', NULL),
(826, 994, 'vp', '3', 33, NULL, NULL),
(827, 999, 'vp', '3', 33, NULL, NULL),
(828, 1000, 'hp', '8', 33, '10', NULL),
(829, 1001, 'hp', '4', 31, '10', NULL),
(830, 1001, 'hp', '5', 34, '10', NULL),
(831, 1002, 'end_turn', '', 33, NULL, NULL),
(832, 1002, 'start_turn', 'MEC COOL', 34, '/img/monsters/to-left/regular/cybertooth.png', NULL),
(833, 1003, 'vp', '5', 34, NULL, NULL),
(834, 1008, 'vp', '5', 34, NULL, NULL),
(835, 1009, 'hp', '6', 32, '10', NULL),
(836, 1009, 'hp', '7', 33, '10', NULL),
(837, 1010, 'interrupting_action', 'ninja', 32, '/img/monsters/to-right/regular/lollybot.png', NULL),
(838, 1011, 'interrupting_action', 'indi', 33, '/img/monsters/to-right/regular/boogie-woogie.png', NULL),
(839, 1012, 'resuming_turn', 'MEC COOL', 34, '/img/monsters/to-left/regular/cybertooth.png', NULL),
(840, 1012, 'hp', '7', 34, '10', NULL),
(841, 1013, 'mana', '1', 34, NULL, NULL),
(842, 1014, 'end_turn', '', 34, NULL, NULL),
(843, 1014, 'start_turn', 'sky', 31, '/img/monsters/to-left/regular/ali-san.png', NULL),
(844, 1015, 'vp', '4', 31, NULL, NULL),
(845, 1020, 'hp', '8', 31, '10', NULL),
(846, 1021, 'vp', '4', 31, NULL, NULL),
(847, 1022, 'end_turn', '', 31, NULL, NULL),
(848, 1022, 'start_turn', 'ninja', 32, '/img/monsters/to-right/regular/lollybot.png', NULL),
(849, 1023, 'vp', '7', 32, NULL, NULL),
(850, 1028, 'vp', '7', 32, NULL, NULL),
(851, 1029, 'mana', '2', 32, NULL, NULL),
(852, 1030, 'hp', '5', 31, '10', NULL),
(853, 1030, 'hp', '4', 34, '10', NULL),
(854, 1031, 'end_turn', '', 32, NULL, NULL),
(855, 1031, 'start_turn', 'indi', 33, '/img/monsters/to-right/regular/boogie-woogie.png', NULL),
(856, 1032, 'vp', '5', 33, NULL, NULL),
(857, 1037, 'vp', '5', 33, NULL, NULL),
(858, 1038, 'hp', '7', 33, '10', NULL),
(859, 1039, 'mana', '2', 33, NULL, NULL),
(860, 1040, 'hp', '3', 31, '10', NULL),
(861, 1040, 'hp', '2', 34, '10', NULL),
(862, 1041, 'end_turn', '', 33, NULL, NULL),
(863, 1041, 'start_turn', 'MEC COOL', 34, '/img/monsters/to-left/regular/cybertooth.png', NULL),
(864, 1042, 'vp', '5', 34, NULL, NULL),
(865, 1047, 'vp', '8', 34, NULL, NULL),
(866, 1048, 'hp', '5', 32, '10', NULL),
(867, 1048, 'hp', '6', 33, '10', NULL),
(868, 1049, 'interrupting_action', 'ninja', 32, '/img/monsters/to-right/regular/lollybot.png', NULL),
(869, 1050, 'out_of_tokyo', '2', 32, NULL, NULL),
(870, 1050, 'interrupting_action', 'indi', 33, '/img/monsters/to-right/regular/boogie-woogie.png', NULL),
(871, 1051, 'resuming_turn', 'MEC COOL', 34, '/img/monsters/to-left/regular/cybertooth.png', NULL),
(872, 1051, 'in_tokyo', '2', 34, 'cybertooth.png', NULL),
(873, 1051, 'vp', '9', 34, NULL, NULL),
(874, 1052, 'end_turn', '', 34, NULL, NULL),
(875, 1052, 'start_turn', 'sky', 31, '/img/monsters/to-left/regular/ali-san.png', NULL),
(876, 1053, 'vp', '4', 31, NULL, NULL),
(877, 1058, 'vp', '4', 31, NULL, NULL),
(887, 1066, 'hp', '5', 31, '10', NULL),
(888, 1067, 'hp', '0', 33, '10', NULL),
(889, 1067, 'hp', '0', 34, '10', NULL),
(890, 1068, 'out_of_tokyo', '1', 33, NULL, NULL),
(891, 1068, 'dead', 'dead', 33, NULL, NULL),
(892, 1068, 'out_of_tokyo', '2', 34, NULL, NULL),
(893, 1068, 'dead', 'dead', 34, NULL, NULL),
(894, 1069, 'mana', '2', 31, NULL, NULL),
(895, 1070, 'in_tokyo', '1', 31, 'ali-san.png', NULL),
(896, 1070, 'vp', '5', 31, NULL, NULL),
(897, 1071, 'end_turn', '', 31, NULL, NULL),
(898, 1071, 'start_turn', 'ninja', 32, '/img/monsters/to-left/regular/lollybot.png', NULL),
(899, 1072, 'vp', '7', 32, NULL, NULL),
(900, 1076, 'vp', '5', 20, NULL, NULL),
(901, 1081, 'hp', '0', 21, '10', NULL),
(902, 1081, 'hp', '1', 22, '10', NULL),
(903, 1082, 'vp', '5', 20, NULL, NULL),
(904, 1083, 'mana', '6', 20, NULL, NULL),
(905, 1084, 'end_turn', '', 20, NULL, NULL),
(906, 1084, 'start_turn', 'ninja', 22, '/img/monsters/to-left/regular/alienoid.png', NULL),
(907, 1085, 'vp', '8', 22, NULL, NULL),
(908, 1088, 'hp', '8', 20, '10', NULL),
(909, 1089, 'interrupting_action', 'indi', 20, '/img/monsters/to-right/regular/boogie-woogie.png', NULL),
(910, 1090, 'resuming_turn', 'ninja', 22, '/img/monsters/to-left/regular/alienoid.png', NULL),
(911, 1090, 'vp', '8', 22, NULL, NULL),
(912, 1091, 'hp', '2', 22, '10', NULL),
(913, 1092, 'mana', '2', 22, NULL, NULL),
(914, 1093, 'end_turn', '', 22, NULL, NULL),
(915, 1093, 'start_turn', 'indi', 20, '/img/monsters/to-right/regular/boogie-woogie.png', NULL),
(916, 1094, 'vp', '7', 20, NULL, NULL),
(917, 1098, 'vp', '7', 20, NULL, NULL),
(918, 1099, 'mana', '7', 20, NULL, NULL),
(919, 1100, 'hp', '0', 21, '10', NULL),
(920, 1100, 'hp', '0', 22, '10', NULL),
(921, 1101, 'dead', 'dead', 22, NULL, NULL),
(922, 1102, 'has_won_by_killing', 'indi', 20, 'boogie-woogie.png', NULL);

-- --------------------------------------------------------

--
-- Structure de la table `game_monster`
--

DROP TABLE IF EXISTS `game_monster`;
CREATE TABLE IF NOT EXISTS `game_monster` (
  `game_id` int(11) NOT NULL,
  `monster_id` int(11) NOT NULL,
  PRIMARY KEY (`game_id`,`monster_id`),
  KEY `IDX_B19CB9DBE48FD905` (`game_id`),
  KEY `IDX_B19CB9DBC5FF1223` (`monster_id`)
) ENGINE=InnoDB DEFAULT CHARSET=utf8mb4 COLLATE=utf8mb4_unicode_ci;

--
-- Déchargement des données de la table `game_monster`
--

INSERT INTO `game_monster` (`game_id`, `monster_id`) VALUES
(17, 1),
(17, 2),
(17, 3),
(17, 5),
(17, 6),
(17, 7),
(17, 8),
(17, 11),
(17, 14),
(17, 16),
(17, 17),
(17, 19),
(17, 20),
(17, 21),
(17, 23),
(17, 27),
(17, 29),
(17, 30),
(17, 31),
(17, 33),
(17, 34),
(18, 1),
(18, 2),
(18, 3),
(18, 5),
(18, 6),
(18, 7),
(18, 8),
(18, 11),
(18, 14),
(18, 16),
(18, 17),
(18, 19),
(18, 20),
(18, 21),
(18, 23),
(18, 27),
(18, 29),
(18, 30),
(18, 31),
(18, 33),
(18, 34),
(19, 1),
(19, 2),
(19, 3),
(19, 5),
(19, 6),
(19, 7),
(19, 8),
(19, 11),
(19, 14),
(19, 16),
(19, 17),
(19, 19),
(19, 20),
(19, 21),
(19, 23),
(19, 27),
(19, 29),
(19, 30),
(19, 31),
(19, 33),
(19, 34),
(20, 1),
(20, 2),
(20, 3),
(20, 5),
(20, 6),
(20, 7),
(20, 8),
(20, 11),
(20, 14),
(20, 16),
(20, 17),
(20, 19),
(20, 20),
(20, 21),
(20, 23),
(20, 27),
(20, 29),
(20, 30),
(20, 31),
(20, 33),
(20, 34);

-- --------------------------------------------------------

--
-- Structure de la table `game_rule`
--

DROP TABLE IF EXISTS `game_rule`;
CREATE TABLE IF NOT EXISTS `game_rule` (
  `game_id` int(11) NOT NULL,
  `rule_id` int(11) NOT NULL,
  PRIMARY KEY (`game_id`,`rule_id`),
  KEY `IDX_ADCDC0E0E48FD905` (`game_id`),
  KEY `IDX_ADCDC0E0744E0351` (`rule_id`)
) ENGINE=InnoDB DEFAULT CHARSET=utf8mb4 COLLATE=utf8mb4_unicode_ci;

-- --------------------------------------------------------

--
-- Structure de la table `kot_card`
--

DROP TABLE IF EXISTS `kot_card`;
CREATE TABLE IF NOT EXISTS `kot_card` (
  `id` int(11) NOT NULL AUTO_INCREMENT,
  `name` varchar(255) COLLATE utf8mb4_unicode_ci NOT NULL,
  `price` smallint(6) NOT NULL,
  `type` varchar(8) COLLATE utf8mb4_unicode_ci NOT NULL,
  `img_name` varchar(255) COLLATE utf8mb4_unicode_ci NOT NULL,
  `available` tinyint(1) NOT NULL,
  PRIMARY KEY (`id`)
) ENGINE=InnoDB AUTO_INCREMENT=64 DEFAULT CHARSET=utf8mb4 COLLATE=utf8mb4_unicode_ci;

--
-- Déchargement des données de la table `kot_card`
--

INSERT INTO `kot_card` (`id`, `name`, `price`, `type`, `img_name`, `available`) VALUES
(1, 'GARDE NATIONALE', 3, 'action', 'garde-nationale.png', 1),
(2, 'LA PETITE BOUTIQUE DU COIN', 3, 'action', 'la-petite-boutique-du-coin.png', 1),
(3, 'LANCE-FLAMMES', 3, 'action', 'lance-flammes.png', 1),
(4, 'SOIN', 3, 'action', 'soin.png', 0),
(5, 'BOMBARDEMENT AÉRIEN', 4, 'action', 'bombardement-aerien.png', 0),
(6, 'TANK', 4, 'action', 'tank.png', 0),
(7, 'TRAMWAY', 4, 'action', 'tramway.png', 0),
(8, 'AVIONS DE CHASSE', 5, 'action', 'avions-de-chasse.png.png', 0),
(9, 'IMMEUBLE', 5, 'action', 'immeuble.png', 0),
(10, 'LA MORT VIENT DU CIEL', 5, 'action', 'la-mort-vient-du-ciel.png', 0),
(11, 'CENTRALE NUCLÉAIRE', 6, 'action', 'centrale-nucleaire.png', 0),
(12, 'GRATTE-CIEL', 6, 'action', 'gratte-ciel.png', 0),
(13, 'RAFFINERIE DE GAZ', 6, 'action', 'raffinerie-de-gaz.png', 0),
(14, 'TEMPÊTE MAGNÉTIQUE', 6, 'action', 'tempete-magnetique.png', 0),
(15, 'ORDRE D\'ÉVACUATION', 7, 'action', 'ordre-d-evacuation.png', 0),
(16, 'RECHARGE', 8, 'action', 'recharge.png', 0),
(17, 'ÉNERGIE SOLAIRE', 2, 'pouvoir', 'energie-solaire.png', 0),
(18, 'EXPÉRIENCE SCIENTIFIQUE', 2, 'pouvoir', 'experience-scientifique.png', 0),
(19, 'CAMOUFLAGE', 3, 'pouvoir', 'camouflage.png', 0),
(20, 'DARDS EMPOISONNÉS', 3, 'pouvoir', 'dards-empoisonnes.png', 0),
(21, 'DESTRUCTION TOTALE', 3, 'pouvoir', 'destruction-totale.png', 0),
(22, 'ÉLASTIQUE', 3, 'pouvoir', 'elastique.png', 0),
(23, 'GUÉRISON RAPIDE', 3, 'pouvoir', 'guerison-rapide.png', 0),
(24, 'L\'AMI DES ENFANTS', 3, 'pouvoir', 'l-ami-des-enfants.png', 0),
(25, 'MÉDIATIQUE', 3, 'pouvoir', 'mediatique.png', 0),
(26, 'MÉTAMORPHOSE', 3, 'pouvoir', 'metamorphose.png', 0),
(27, 'MONSTRE BATTERIE', 3, 'pouvoir', 'monstre-batterie.png', 0),
(28, 'NOUS NE FAISONS QUE LE RENDRE PLUS FORT', 3, 'pouvoir', 'nous-ne-faisons-que-le-redre-plus-fort.png', 0),
(29, 'OPPORTUNISTE', 3, 'pouvoir', 'opportuniste.png', 0),
(30, 'ORIGINE EXTRA-TERRESTRE', 3, 'pouvoir', 'origine-extra-terrestre.png', 0),
(31, 'PLAN B', 3, 'pouvoir', 'plan-b.png', 0),
(32, 'PRÉDATEUR SÉLECTIF', 3, 'pouvoir', 'predateur-selectif.png', 0),
(33, 'RÉSERVE D\'ÉNERGIE', 3, 'pouvoir', 'reserve-d-energie.png', 0),
(34, 'SONDE PSYCHIQUE', 3, 'pouvoir', 'sonde-psychique.png', 0),
(35, 'TROP MIGNON', 3, 'pouvoir', 'trop-mignon.png', 0),
(36, 'ARMURE DE PLAQUES', 4, 'pouvoir', 'armure-de-plaques.png', 0),
(37, 'BOISSON ÉNERGISANTE', 4, 'pouvoir', 'boisson-energisante.png', 0),
(38, 'CRACHAT VENIMEUX', 4, 'pouvoir', 'crachat-venimeux.png', 0),
(39, 'DÉTRITIVORE', 4, 'pouvoir', 'detritivore.png', 0),
(40, 'ÉCRAN DE FUMÉE', 4, 'pouvoir', 'ecran-de-fumee.png', 0),
(41, 'ENCORE PLUS GRAND', 4, 'pouvoir', 'encore-plus-grand.png', 0),
(42, 'GOURMET', 4, 'pouvoir', 'gourmet.png', 0),
(43, 'NÉCROPHAGE', 4, 'pouvoir', 'necrophage.png', 0),
(44, 'NINJA URBAIN', 4, 'pouvoir', 'ninja-urbain.png', 0),
(45, 'RAYON REVIGORANT', 4, 'pouvoir', 'rayon-revigorant.png', 0),
(46, 'RÉGÉNÉRATION', 4, 'pouvoir', 'regeneration.png', 0),
(47, 'SOUFFLE DE FEU', 4, 'pouvoir', 'souffle-de-feu.png', 0),
(48, 'TENTACULES PARASITES', 4, 'pouvoir', 'tentacules-parasites.png', 0),
(49, 'URBAVORE', 4, 'pouvoir', 'urbavore.png', 0),
(50, 'CERVEAU DÉMESURÉ', 5, 'pouvoir', 'cerveau-demesure.png', 0),
(51, 'CONTRÔLE DU TEMPS', 5, 'pouvoir', 'controle-du-temps.png', 0),
(52, 'FOUISSEUR', 5, 'pouvoir', 'fouisseur.png', 0),
(53, 'HERBIVORE', 5, 'pouvoir', 'herbivore.png', 0),
(54, 'MONSTRE ALPHA', 5, 'pouvoir', 'monstre-alpha.png', 0),
(55, 'QUEUE À PIQUANTS', 5, 'pouvoir', 'queue-a-piquants.png', 0),
(56, 'RÉACTEURS', 5, 'pouvoir', 'reacteurs.png', 0),
(57, 'AILES', 6, 'pouvoir', 'ailes.png', 0),
(58, 'ATTAQUE ACIDE', 6, 'pouvoir', 'attaque-acide.png', 0),
(59, 'RAYON RÉDUCTEUR', 6, 'pouvoir', 'rayon-reducteur.png', 0),
(60, 'IL RESTAIT UN ŒUF', 7, 'pouvoir', 'il-restait-un-oeuf.png', 0),
(61, 'SOUFFLE NOVA', 7, 'pouvoir', 'souffle-nova.png', 0),
(62, 'UNE TÊTE DE PLUS', 7, 'pouvoir', 'une-tete-de-plus.png', 0),
(63, 'MIMÉTISME', 8, 'pouvoir', 'mimetisme.png', 0);

-- --------------------------------------------------------

--
-- Structure de la table `kot_card_game`
--

DROP TABLE IF EXISTS `kot_card_game`;
CREATE TABLE IF NOT EXISTS `kot_card_game` (
  `id` int(11) NOT NULL AUTO_INCREMENT,
  `game_id` int(11) NOT NULL,
  `kot_card_id` int(11) NOT NULL,
  `player_id` int(11) DEFAULT NULL,
  `state` varchar(16) COLLATE utf8mb4_unicode_ci NOT NULL,
  `position` int(11) DEFAULT NULL,
  PRIMARY KEY (`id`),
  KEY `IDX_937D0B32E48FD905` (`game_id`),
  KEY `IDX_937D0B32CE77C980` (`kot_card_id`),
  KEY `IDX_937D0B3299E6F5DF` (`player_id`)
) ENGINE=InnoDB AUTO_INCREMENT=25 DEFAULT CHARSET=utf8mb4 COLLATE=utf8mb4_unicode_ci;

--
-- Déchargement des données de la table `kot_card_game`
--

INSERT INTO `kot_card_game` (`id`, `game_id`, `kot_card_id`, `player_id`, `state`, `position`) VALUES
(1, 1, 1, NULL, 'achat', 1),
(2, 1, 2, NULL, 'achat', 2),
(3, 1, 3, NULL, 'achat', 3),
(4, 2, 1, NULL, 'achat', 1),
(5, 2, 2, NULL, 'achat', 2),
(6, 2, 3, NULL, 'achat', 3),
(7, 3, 1, NULL, 'achat', 1),
(8, 3, 2, NULL, 'achat', 2),
(9, 3, 3, NULL, 'achat', 3),
(10, 9, 1, NULL, 'achat', 1),
(11, 9, 2, NULL, 'achat', 2),
(12, 9, 3, NULL, 'achat', 3),
(13, 10, 1, NULL, 'achat', 1),
(14, 10, 2, NULL, 'achat', 2),
(15, 10, 3, NULL, 'achat', 3),
(16, 12, 1, NULL, 'achat', 1),
(17, 12, 2, NULL, 'achat', 2),
(18, 12, 3, NULL, 'achat', 3),
(19, 13, 1, NULL, 'achat', 1),
(20, 13, 2, NULL, 'achat', 2),
(21, 13, 3, NULL, 'achat', 3),
(22, 14, 1, NULL, 'achat', 1),
(23, 14, 2, NULL, 'achat', 2),
(24, 14, 3, NULL, 'achat', 3);

-- --------------------------------------------------------

--
-- Structure de la table `log`
--

DROP TABLE IF EXISTS `log`;
CREATE TABLE IF NOT EXISTS `log` (
  `id` int(11) NOT NULL AUTO_INCREMENT,
  `game_id` int(11) NOT NULL,
  `player_id` int(11) NOT NULL,
  `is_done` tinyint(1) NOT NULL,
  `action` varchar(255) COLLATE utf8mb4_unicode_ci NOT NULL,
  `message` varchar(1000) COLLATE utf8mb4_unicode_ci DEFAULT NULL,
  `next_player_id` int(11) DEFAULT NULL,
  `next_action` varchar(255) COLLATE utf8mb4_unicode_ci DEFAULT NULL,
  PRIMARY KEY (`id`),
  KEY `IDX_8F3F68C5E48FD905` (`game_id`),
  KEY `IDX_8F3F68C599E6F5DF` (`player_id`),
  KEY `is_done` (`is_done`),
  KEY `IDX_8F3F68C5DE6C20EC` (`next_player_id`)
) ENGINE=InnoDB AUTO_INCREMENT=1103 DEFAULT CHARSET=utf8mb4 COLLATE=utf8mb4_unicode_ci;

--
-- Déchargement des données de la table `log`
--

INSERT INTO `log` (`id`, `game_id`, `player_id`, `is_done`, `action`, `message`, `next_player_id`, `next_action`) VALUES
(1, 1, 1, 1, 'start_turn', 'Le tour de ¤skyµ ##monsters/to-left/regular/ali-san.png££ a commencé.', NULL, NULL),
(2, 1, 1, 1, 'is_starting_in_city', '¤skyµ ##monsters/to-left/regular/ali-san.png££ a commencé son tour hors de Tokyo et n\'a pas gagné de #symbols/star.png£', NULL, NULL),
(3, 1, 1, 1, 'throw_dices', '¤skyµ ##monsters/to-left/regular/ali-san.png££ a obtenu #dices/black/dice_three.png£#dices/black/dice_two.png£#dices/black/dice_two.png£#dices/black/dice_two.png£#dices/black/dice_one.png£#dices/black/dice_flash.png£', NULL, NULL),
(4, 1, 1, 1, 'throw_dices', '¤skyµ ##monsters/to-left/regular/ali-san.png££ a obtenu #dices/black/dice_heart.png£#dices/black/dice_two_locked.png£#dices/black/dice_two_locked.png£#dices/black/dice_two_locked.png£#dices/black/dice_two.png£#dices/black/dice_two.png£', NULL, NULL),
(5, 1, 1, 1, 'throw_dices', '¤skyµ ##monsters/to-left/regular/ali-san.png££ a obtenu #dices/black/dice_heart.png£#dices/black/dice_two_locked.png£#dices/black/dice_two_locked.png£#dices/black/dice_two_locked.png£#dices/black/dice_two_locked.png£#dices/black/dice_two_locked.png£', NULL, NULL),
(6, 1, 1, 1, 'resolve_order_dices', '¤skyµ ##monsters/to-left/regular/ali-san.png££ a choisi cet ordre de résolution: #dices/black/dice_heart.png£ #dices/black/dice_two.png£#dices/black/dice_two.png£#dices/black/dice_two.png£#dices/black/dice_two.png£#dices/black/dice_two.png£ ', NULL, NULL),
(7, 1, 1, 1, 'resolve_dices_heart', '¤skyµ ##monsters/to-left/regular/ali-san.png££ a gagné 1#symbols/heart.png£', NULL, NULL),
(8, 1, 1, 1, 'resolve_dices_victory', '¤skyµ ##monsters/to-right/regular/ali-san.png££ a gagné 4#symbols/star.png£', NULL, NULL),
(9, 1, 1, 1, 'enter_tokyo_city', '¤skyµ ##monsters/to-right/regular/ali-san.png££ est entré dans Tokyo City', NULL, NULL),
(10, 1, 5, 1, 'start_turn', 'Le tour de ¤indiµ ##monsters/to-left/regular/anubis.png££ a commencé.', NULL, NULL),
(11, 1, 5, 1, 'is_starting_in_city', '¤indiµ ##monsters/to-left/regular/anubis.png££ a commencé son tour hors de Tokyo et n\'a pas gagné de #symbols/star.png£', NULL, NULL),
(12, 1, 5, 1, 'throw_dices', '¤indiµ ##monsters/to-left/regular/anubis.png££ a obtenu #dices/black/dice_two.png£#dices/black/dice_two.png£#dices/black/dice_two.png£#dices/black/dice_one.png£#dices/black/dice_one.png£#dices/black/dice_flash.png£', NULL, NULL),
(13, 1, 5, 1, 'throw_dices', '¤indiµ ##monsters/to-left/regular/anubis.png££ a obtenu #dices/black/dice_two_locked.png£#dices/black/dice_two_locked.png£#dices/black/dice_two_locked.png£#dices/black/dice_two.png£#dices/black/dice_one.png£#dices/black/dice_flash.png£', NULL, NULL),
(14, 1, 5, 1, 'throw_dices', '¤indiµ ##monsters/to-left/regular/anubis.png££ a obtenu #dices/black/dice_paw.png£#dices/black/dice_paw.png£#dices/black/dice_two_locked.png£#dices/black/dice_two_locked.png£#dices/black/dice_two_locked.png£#dices/black/dice_two_locked.png£', NULL, NULL),
(15, 1, 5, 1, 'resolve_order_dices', '¤indiµ ##monsters/to-left/regular/anubis.png££ a choisi cet ordre de résolution: #dices/black/dice_paw.png£#dices/black/dice_paw.png£ #dices/black/dice_two.png£#dices/black/dice_two.png£#dices/black/dice_two.png£#dices/black/dice_two.png£ ', NULL, NULL),
(16, 1, 5, 1, 'resolve_dices_paw', '¤indiµ ##monsters/to-left/regular/anubis.png££ a attaqué sky ##monsters/to-right/regular/ali-san.png££ dans Tokyo avec #dices/black/dice_paw.png£#dices/black/dice_paw.png£', NULL, NULL),
(17, 1, 1, 1, 'ask_to_leave_tokyo', '¤skyµ ##monsters/to-right/regular/ali-san.png££ est resté dans Tokyo', NULL, NULL),
(18, 1, 5, 1, 'resolve_dices_victory', '¤indiµ ##monsters/to-left/regular/anubis.png££ a gagné 3#symbols/star.png£', NULL, NULL),
(19, 1, 4, 1, 'start_turn', 'Le tour de ¤ninjaµ ##monsters/to-left/regular/the-king.png££ a commencé.', NULL, NULL),
(20, 1, 4, 1, 'is_starting_in_city', '¤ninjaµ ##monsters/to-left/regular/the-king.png££ a commencé son tour hors de Tokyo et n\'a pas gagné de #symbols/star.png£', NULL, NULL),
(21, 1, 4, 1, 'throw_dices', '¤ninjaµ ##monsters/to-left/regular/the-king.png££ a obtenu #dices/black/dice_paw.png£#dices/black/dice_heart.png£#dices/black/dice_one.png£#dices/black/dice_flash.png£#dices/black/dice_flash.png£#dices/black/dice_flash.png£', NULL, NULL),
(22, 1, 4, 1, 'throw_dices', '¤ninjaµ ##monsters/to-left/regular/the-king.png££ a obtenu #dices/black/dice_paw_locked.png£#dices/black/dice_heart.png£#dices/black/dice_two.png£#dices/black/dice_flash_locked.png£#dices/black/dice_flash_locked.png£#dices/black/dice_flash_locked.png£', NULL, NULL),
(23, 1, 4, 1, 'throw_dices', '¤ninjaµ ##monsters/to-left/regular/the-king.png££ a obtenu #dices/black/dice_paw_locked.png£#dices/black/dice_paw.png£#dices/black/dice_two.png£#dices/black/dice_flash_locked.png£#dices/black/dice_flash_locked.png£#dices/black/dice_flash_locked.png£', NULL, NULL),
(24, 1, 4, 1, 'resolve_order_dices', '¤ninjaµ ##monsters/to-left/regular/the-king.png££ a choisi cet ordre de résolution: #dices/black/dice_flash.png£#dices/black/dice_flash.png£#dices/black/dice_flash.png£ #dices/black/dice_paw.png£#dices/black/dice_paw.png£ #dices/black/dice_two.png£ ', NULL, NULL),
(25, 1, 4, 1, 'resolve_dices_flash', '¤ninjaµ ##monsters/to-left/regular/the-king.png££ a gagné 3#symbols/flash.png£', NULL, NULL),
(26, 1, 4, 1, 'resolve_dices_paw', '¤ninjaµ ##monsters/to-left/regular/the-king.png££ a attaqué sky ##monsters/to-right/regular/ali-san.png££ dans Tokyo avec #dices/black/dice_paw.png£#dices/black/dice_paw.png£', NULL, NULL),
(27, 1, 1, 1, 'ask_to_leave_tokyo', '¤skyµ ##monsters/to-right/regular/ali-san.png££ est resté dans Tokyo', NULL, NULL),
(28, 1, 4, 1, 'resolve_dices_victory', '¤ninjaµ ##monsters/to-left/regular/the-king.png££ a gagné 0#symbols/star.png£', NULL, NULL),
(29, 1, 1, 1, 'start_turn', 'Le tour de ¤skyµ ##monsters/to-right/regular/ali-san.png££ a commencé.', NULL, NULL),
(30, 1, 1, 1, 'is_starting_in_city', '¤skyµ ##monsters/to-right/regular/ali-san.png££ a commencé son tour dans Tokyo et gagné 2#symbols/star.png£', NULL, NULL),
(31, 1, 1, 1, 'throw_dices', '¤skyµ ##monsters/to-right/regular/ali-san.png££ a obtenu #dices/black/dice_heart.png£#dices/black/dice_three.png£#dices/black/dice_one.png£#dices/black/dice_one.png£#dices/black/dice_one.png£#dices/black/dice_one.png£', NULL, NULL),
(32, 1, 1, 1, 'throw_dices', '¤skyµ ##monsters/to-right/regular/ali-san.png££ a obtenu #dices/black/dice_paw.png£#dices/black/dice_paw.png£#dices/black/dice_paw.png£#dices/black/dice_paw.png£#dices/black/dice_heart.png£#dices/black/dice_flash.png£', NULL, NULL),
(33, 1, 1, 1, 'throw_dices', '¤skyµ ##monsters/to-right/regular/ali-san.png££ a obtenu #dices/black/dice_paw_locked.png£#dices/black/dice_paw_locked.png£#dices/black/dice_paw_locked.png£#dices/black/dice_paw_locked.png£#dices/black/dice_paw.png£#dices/black/dice_one.png£', NULL, NULL),
(34, 1, 1, 1, 'resolve_order_dices', '¤skyµ ##monsters/to-right/regular/ali-san.png££ a choisi cet ordre de résolution: #dices/black/dice_one.png£ #dices/black/dice_paw.png£#dices/black/dice_paw.png£#dices/black/dice_paw.png£#dices/black/dice_paw.png£#dices/black/dice_paw.png£ ', NULL, NULL),
(35, 1, 1, 1, 'resolve_dices_victory', '¤skyµ ##monsters/to-right/regular/ali-san.png££ a gagné 0#symbols/star.png£', NULL, NULL),
(36, 1, 1, 1, 'resolve_dices_paw', '¤skyµ ##monsters/to-right/regular/ali-san.png££ a attaqué ninja ##monsters/to-left/regular/the-king.png££, indi ##monsters/to-left/regular/anubis.png££ hors de Tokyo avec #dices/black/dice_paw.png£#dices/black/dice_paw.png£#dices/black/dice_paw.png£#dices/black/dice_paw.png£#dices/black/dice_paw.png£', NULL, NULL),
(37, 1, 5, 1, 'start_turn', 'Le tour de ¤indiµ ##monsters/to-left/regular/anubis.png££ a commencé.', NULL, NULL),
(38, 1, 5, 1, 'is_starting_in_city', '¤indiµ ##monsters/to-left/regular/anubis.png££ a commencé son tour hors de Tokyo et n\'a pas gagné de #symbols/star.png£', NULL, NULL),
(39, 1, 5, 1, 'throw_dices', '¤indiµ ##monsters/to-left/regular/anubis.png££ a obtenu #dices/black/dice_heart.png£#dices/black/dice_three.png£#dices/black/dice_two.png£#dices/black/dice_two.png£#dices/black/dice_one.png£#dices/black/dice_flash.png£', NULL, NULL),
(40, 1, 5, 1, 'throw_dices', '¤indiµ ##monsters/to-left/regular/anubis.png££ a obtenu #dices/black/dice_paw.png£#dices/black/dice_paw.png£#dices/black/dice_heart_locked.png£#dices/black/dice_flash.png£#dices/black/dice_flash.png£#dices/black/dice_flash.png£', NULL, NULL),
(41, 1, 5, 1, 'throw_dices', '¤indiµ ##monsters/to-left/regular/anubis.png££ a obtenu #dices/black/dice_paw.png£#dices/black/dice_paw.png£#dices/black/dice_heart_locked.png£#dices/black/dice_heart.png£#dices/black/dice_one.png£#dices/black/dice_flash.png£', NULL, NULL),
(42, 1, 5, 1, 'resolve_order_dices', '¤indiµ ##monsters/to-left/regular/anubis.png££ a choisi cet ordre de résolution: #dices/black/dice_one.png£ #dices/black/dice_heart.png£#dices/black/dice_heart.png£ #dices/black/dice_paw.png£#dices/black/dice_paw.png£ #dices/black/dice_flash.png£ ', NULL, NULL),
(43, 1, 5, 1, 'resolve_dices_victory', '¤indiµ ##monsters/to-left/regular/anubis.png££ a gagné 0#symbols/star.png£', NULL, NULL),
(44, 1, 5, 1, 'resolve_dices_heart', '¤indiµ ##monsters/to-left/regular/anubis.png££ a gagné 2#symbols/heart.png£', NULL, NULL),
(45, 1, 5, 1, 'resolve_dices_paw', '¤indiµ ##monsters/to-left/regular/anubis.png££ a attaqué sky ##monsters/to-right/regular/ali-san.png££ dans Tokyo avec #dices/black/dice_paw.png£#dices/black/dice_paw.png£', NULL, NULL),
(46, 1, 1, 1, 'ask_to_leave_tokyo', '¤skyµ ##monsters/to-left/regular/ali-san.png££ a fui Tokyo', NULL, NULL),
(47, 1, 5, 1, 'resolve_dices_flash', '¤indiµ ##monsters/to-right/regular/anubis.png££ a gagné 1#symbols/flash.png£', NULL, NULL),
(48, 1, 5, 1, 'enter_tokyo_city', '¤indiµ ##monsters/to-right/regular/anubis.png££ est entré dans Tokyo City', NULL, NULL),
(49, 1, 4, 1, 'start_turn', 'Le tour de ¤ninjaµ ##monsters/to-left/regular/the-king.png££ a commencé.', NULL, NULL),
(50, 1, 4, 1, 'is_starting_in_city', '¤ninjaµ ##monsters/to-left/regular/the-king.png££ a commencé son tour hors de Tokyo et n\'a pas gagné de #symbols/star.png£', NULL, NULL),
(51, 1, 4, 1, 'throw_dices', '¤ninjaµ ##monsters/to-left/regular/the-king.png££ a obtenu #dices/black/dice_paw.png£#dices/black/dice_paw.png£#dices/black/dice_three.png£#dices/black/dice_one.png£#dices/black/dice_flash.png£#dices/black/dice_flash.png£', NULL, NULL),
(52, 1, 4, 1, 'throw_dices', '¤ninjaµ ##monsters/to-left/regular/the-king.png££ a obtenu #dices/black/dice_paw_locked.png£#dices/black/dice_paw_locked.png£#dices/black/dice_paw.png£#dices/black/dice_heart.png£#dices/black/dice_heart.png£#dices/black/dice_three.png£', NULL, NULL),
(53, 1, 4, 1, 'throw_dices', '¤ninjaµ ##monsters/to-left/regular/the-king.png££ a obtenu #dices/black/dice_paw_locked.png£#dices/black/dice_paw_locked.png£#dices/black/dice_paw_locked.png£#dices/black/dice_heart_locked.png£#dices/black/dice_heart_locked.png£#dices/black/dice_three.png£', NULL, NULL),
(54, 1, 4, 1, 'resolve_order_dices', '¤ninjaµ ##monsters/to-left/regular/the-king.png££ a choisi cet ordre de résolution: #dices/black/dice_paw.png£#dices/black/dice_paw.png£#dices/black/dice_paw.png£ #dices/black/dice_heart.png£#dices/black/dice_heart.png£ #dices/black/dice_three.png£ ', NULL, NULL),
(55, 1, 4, 1, 'resolve_dices_paw', '¤ninjaµ ##monsters/to-left/regular/the-king.png££ a attaqué indi ##monsters/to-right/regular/anubis.png££ dans Tokyo avec #dices/black/dice_paw.png£#dices/black/dice_paw.png£#dices/black/dice_paw.png£', NULL, NULL),
(56, 1, 5, 1, 'ask_to_leave_tokyo', '¤indiµ ##monsters/to-left/regular/anubis.png££ a fui Tokyo', NULL, NULL),
(57, 1, 4, 1, 'resolve_dices_heart', '¤ninjaµ ##monsters/to-left/regular/the-king.png££ a gagné 2#symbols/heart.png£', NULL, NULL),
(58, 1, 4, 1, 'resolve_dices_victory', '¤ninjaµ ##monsters/to-right/regular/the-king.png££ a gagné 0#symbols/star.png£', NULL, NULL),
(59, 1, 4, 1, 'enter_tokyo_city', '¤ninjaµ ##monsters/to-right/regular/the-king.png££ est entré dans Tokyo City', NULL, NULL),
(60, 1, 1, 1, 'start_turn', 'Le tour de ¤skyµ ##monsters/to-left/regular/ali-san.png££ a commencé.', NULL, NULL),
(61, 1, 1, 1, 'is_starting_in_city', '¤skyµ ##monsters/to-left/regular/ali-san.png££ a commencé son tour hors de Tokyo et n\'a pas gagné de #symbols/star.png£', NULL, NULL),
(62, 1, 1, 1, 'throw_dices', '¤skyµ ##monsters/to-left/regular/ali-san.png££ a obtenu #dices/black/dice_paw.png£#dices/black/dice_heart.png£#dices/black/dice_three.png£#dices/black/dice_two.png£#dices/black/dice_flash.png£#dices/black/dice_flash.png£', NULL, NULL),
(63, 1, 1, 1, 'throw_dices', '¤skyµ ##monsters/to-left/regular/ali-san.png££ a obtenu #dices/black/dice_paw_locked.png£#dices/black/dice_paw.png£#dices/black/dice_heart_locked.png£#dices/black/dice_heart.png£#dices/black/dice_two.png£#dices/black/dice_flash.png£', NULL, NULL),
(64, 1, 1, 1, 'throw_dices', '¤skyµ ##monsters/to-left/regular/ali-san.png££ a obtenu #dices/black/dice_paw_locked.png£#dices/black/dice_paw_locked.png£#dices/black/dice_heart_locked.png£#dices/black/dice_heart_locked.png£#dices/black/dice_three.png£#dices/black/dice_two.png£', NULL, NULL),
(65, 1, 1, 1, 'resolve_order_dices', '¤skyµ ##monsters/to-left/regular/ali-san.png££ a choisi cet ordre de résolution: #dices/black/dice_two.png£#dices/black/dice_three.png£ #dices/black/dice_paw.png£#dices/black/dice_paw.png£ #dices/black/dice_heart.png£#dices/black/dice_heart.png£ ', NULL, NULL),
(66, 1, 1, 1, 'resolve_dices_victory', '¤skyµ ##monsters/to-left/regular/ali-san.png££ a gagné 0#symbols/star.png£', NULL, NULL),
(67, 1, 1, 1, 'resolve_dices_paw', '¤skyµ ##monsters/to-left/regular/ali-san.png££ a attaqué ninja ##monsters/to-right/regular/the-king.png££ dans Tokyo avec #dices/black/dice_paw.png£#dices/black/dice_paw.png£', NULL, NULL),
(68, 1, 4, 1, 'ask_to_leave_tokyo', '¤ninjaµ ##monsters/to-right/regular/the-king.png££ est resté dans Tokyo', NULL, NULL),
(69, 1, 1, 1, 'resolve_dices_heart', '¤skyµ ##monsters/to-left/regular/ali-san.png££ a gagné 2#symbols/heart.png£', NULL, NULL),
(70, 1, 5, 1, 'start_turn', 'Le tour de ¤indiµ ##monsters/to-left/regular/anubis.png££ a commencé.', NULL, NULL),
(71, 1, 5, 1, 'is_starting_in_city', '¤indiµ ##monsters/to-left/regular/anubis.png££ a commencé son tour hors de Tokyo et n\'a pas gagné de #symbols/star.png£', NULL, NULL),
(72, 1, 5, 1, 'throw_dices', '¤indiµ ##monsters/to-left/regular/anubis.png££ a obtenu #dices/black/dice_paw.png£#dices/black/dice_three.png£#dices/black/dice_three.png£#dices/black/dice_two.png£#dices/black/dice_two.png£#dices/black/dice_flash.png£', NULL, NULL),
(73, 1, 5, 1, 'throw_dices', '¤indiµ ##monsters/to-left/regular/anubis.png££ a obtenu #dices/black/dice_paw.png£#dices/black/dice_heart.png£#dices/black/dice_three_locked.png£#dices/black/dice_three_locked.png£#dices/black/dice_three.png£#dices/black/dice_two.png£', NULL, NULL),
(74, 1, 5, 1, 'throw_dices', '¤indiµ ##monsters/to-left/regular/anubis.png££ a obtenu #dices/black/dice_heart_locked.png£#dices/black/dice_three_locked.png£#dices/black/dice_three_locked.png£#dices/black/dice_three_locked.png£#dices/black/dice_flash.png£#dices/black/dice_flash.png£', NULL, NULL),
(75, 1, 5, 1, 'resolve_order_dices', '¤indiµ ##monsters/to-left/regular/anubis.png££ a choisi cet ordre de résolution: #dices/black/dice_three.png£#dices/black/dice_three.png£#dices/black/dice_three.png£ #dices/black/dice_heart.png£ #dices/black/dice_flash.png£#dices/black/dice_flash.png£ ', NULL, NULL),
(76, 1, 5, 1, 'resolve_dices_victory', '¤indiµ ##monsters/to-left/regular/anubis.png££ a gagné 3#symbols/star.png£', NULL, NULL),
(77, 1, 5, 1, 'resolve_dices_heart', '¤indiµ ##monsters/to-left/regular/anubis.png££ a gagné 1#symbols/heart.png£', NULL, NULL),
(78, 1, 5, 1, 'resolve_dices_flash', '¤indiµ ##monsters/to-left/regular/anubis.png££ a gagné 2#symbols/flash.png£', NULL, NULL),
(79, 1, 4, 1, 'start_turn', 'Le tour de ¤ninjaµ ##monsters/to-right/regular/the-king.png££ a commencé.', NULL, NULL),
(80, 1, 4, 1, 'is_starting_in_city', '¤ninjaµ ##monsters/to-right/regular/the-king.png££ a commencé son tour dans Tokyo et gagné 2#symbols/star.png£', NULL, NULL),
(81, 1, 4, 1, 'throw_dices', '¤ninjaµ ##monsters/to-right/regular/the-king.png££ a obtenu #dices/black/dice_paw.png£#dices/black/dice_heart.png£#dices/black/dice_three.png£#dices/black/dice_two.png£#dices/black/dice_one.png£#dices/black/dice_one.png£', NULL, NULL),
(82, 1, 4, 1, 'throw_dices', '¤ninjaµ ##monsters/to-right/regular/the-king.png££ a obtenu #dices/black/dice_paw_locked.png£#dices/black/dice_paw.png£#dices/black/dice_heart.png£#dices/black/dice_three.png£#dices/black/dice_three.png£#dices/black/dice_two.png£', NULL, NULL),
(83, 1, 4, 1, 'throw_dices', '¤ninjaµ ##monsters/to-right/regular/the-king.png££ a obtenu #dices/black/dice_paw_locked.png£#dices/black/dice_paw_locked.png£#dices/black/dice_three.png£#dices/black/dice_three.png£#dices/black/dice_two.png£#dices/black/dice_flash.png£', NULL, NULL),
(84, 1, 4, 1, 'resolve_order_dices', '¤ninjaµ ##monsters/to-right/regular/the-king.png££ a choisi cet ordre de résolution: #dices/black/dice_two.png£#dices/black/dice_three.png£#dices/black/dice_three.png£ #dices/black/dice_flash.png£ #dices/black/dice_paw.png£#dices/black/dice_paw.png£ ', NULL, NULL),
(85, 1, 4, 1, 'resolve_dices_victory', '¤ninjaµ ##monsters/to-right/regular/the-king.png££ a gagné 0#symbols/star.png£', NULL, NULL),
(86, 1, 4, 1, 'resolve_dices_flash', '¤ninjaµ ##monsters/to-right/regular/the-king.png££ a gagné 1#symbols/flash.png£', NULL, NULL),
(87, 1, 4, 1, 'resolve_dices_paw', '¤ninjaµ ##monsters/to-right/regular/the-king.png££ a attaqué sky ##monsters/to-left/regular/ali-san.png££, indi ##monsters/to-left/regular/anubis.png££ hors de Tokyo avec #dices/black/dice_paw.png£#dices/black/dice_paw.png£', NULL, NULL),
(88, 1, 1, 1, 'start_turn', 'Le tour de ¤skyµ ##monsters/to-left/regular/ali-san.png££ a commencé.', NULL, NULL),
(89, 1, 1, 1, 'is_starting_in_city', '¤skyµ ##monsters/to-left/regular/ali-san.png££ a commencé son tour hors de Tokyo et n\'a pas gagné de #symbols/star.png£', NULL, NULL),
(90, 1, 1, 1, 'throw_dices', '¤skyµ ##monsters/to-left/regular/ali-san.png££ a obtenu #dices/black/dice_heart.png£#dices/black/dice_heart.png£#dices/black/dice_three.png£#dices/black/dice_three.png£#dices/black/dice_two.png£#dices/black/dice_one.png£', NULL, NULL),
(91, 1, 1, 1, 'throw_dices', '¤skyµ ##monsters/to-left/regular/ali-san.png££ a obtenu #dices/black/dice_heart_locked.png£#dices/black/dice_heart_locked.png£#dices/black/dice_heart.png£#dices/black/dice_three_locked.png£#dices/black/dice_three_locked.png£#dices/black/dice_one.png£', NULL, NULL),
(92, 1, 1, 1, 'throw_dices', '¤skyµ ##monsters/to-left/regular/ali-san.png££ a obtenu #dices/black/dice_heart_locked.png£#dices/black/dice_heart_locked.png£#dices/black/dice_heart_locked.png£#dices/black/dice_three_locked.png£#dices/black/dice_three_locked.png£#dices/black/dice_one.png£', NULL, NULL),
(93, 1, 1, 1, 'resolve_order_dices', '¤skyµ ##monsters/to-left/regular/ali-san.png££ a choisi cet ordre de résolution: #dices/black/dice_one.png£#dices/black/dice_three.png£#dices/black/dice_three.png£ #dices/black/dice_heart.png£#dices/black/dice_heart.png£#dices/black/dice_heart.png£ ', NULL, NULL),
(94, 1, 1, 1, 'resolve_dices_victory', '¤skyµ ##monsters/to-left/regular/ali-san.png££ a gagné 0#symbols/star.png£', NULL, NULL),
(95, 1, 1, 1, 'resolve_dices_heart', '¤skyµ ##monsters/to-left/regular/ali-san.png££ a gagné 3#symbols/heart.png£', NULL, NULL),
(96, 1, 5, 1, 'start_turn', 'Le tour de ¤indiµ ##monsters/to-left/regular/anubis.png££ a commencé.', NULL, NULL),
(97, 1, 5, 1, 'is_starting_in_city', '¤indiµ ##monsters/to-left/regular/anubis.png££ a commencé son tour hors de Tokyo et n\'a pas gagné de #symbols/star.png£', NULL, NULL),
(98, 1, 5, 1, 'throw_dices', '¤indiµ ##monsters/to-left/regular/anubis.png££ a obtenu #dices/black/dice_heart.png£#dices/black/dice_two.png£#dices/black/dice_two.png£#dices/black/dice_one.png£#dices/black/dice_one.png£#dices/black/dice_flash.png£', NULL, NULL),
(99, 1, 5, 1, 'throw_dices', '¤indiµ ##monsters/to-left/regular/anubis.png££ a obtenu #dices/black/dice_heart_locked.png£#dices/black/dice_heart.png£#dices/black/dice_heart.png£#dices/black/dice_two.png£#dices/black/dice_one.png£#dices/black/dice_flash.png£', NULL, NULL),
(100, 1, 5, 1, 'throw_dices', '¤indiµ ##monsters/to-left/regular/anubis.png££ a obtenu #dices/black/dice_paw.png£#dices/black/dice_heart_locked.png£#dices/black/dice_heart_locked.png£#dices/black/dice_heart_locked.png£#dices/black/dice_three.png£#dices/black/dice_two.png£', NULL, NULL),
(101, 1, 5, 1, 'resolve_order_dices', '¤indiµ ##monsters/to-left/regular/anubis.png££ a choisi cet ordre de résolution: #dices/black/dice_two.png£#dices/black/dice_three.png£ #dices/black/dice_paw.png£ #dices/black/dice_heart.png£#dices/black/dice_heart.png£#dices/black/dice_heart.png£ ', NULL, NULL),
(102, 1, 5, 1, 'resolve_dices_victory', '¤indiµ ##monsters/to-left/regular/anubis.png££ a gagné 0#symbols/star.png£', NULL, NULL),
(103, 1, 5, 1, 'resolve_dices_paw', '¤indiµ ##monsters/to-left/regular/anubis.png££ a attaqué ninja ##monsters/to-right/regular/the-king.png££ dans Tokyo avec #dices/black/dice_paw.png£', NULL, NULL),
(104, 1, 4, 1, 'ask_to_leave_tokyo', '¤ninjaµ ##monsters/to-left/regular/the-king.png££ a fui Tokyo', NULL, NULL),
(105, 1, 5, 1, 'resolve_dices_heart', '¤indiµ ##monsters/to-right/regular/anubis.png££ a gagné 0#symbols/heart.png£', NULL, NULL),
(106, 1, 5, 1, 'enter_tokyo_city', '¤indiµ ##monsters/to-right/regular/anubis.png££ est entré dans Tokyo City', NULL, NULL),
(107, 1, 4, 1, 'start_turn', 'Le tour de ¤ninjaµ ##monsters/to-left/regular/the-king.png££ a commencé.', NULL, NULL),
(108, 1, 4, 1, 'is_starting_in_city', '¤ninjaµ ##monsters/to-left/regular/the-king.png££ a commencé son tour hors de Tokyo et n\'a pas gagné de #symbols/star.png£', NULL, NULL),
(109, 1, 4, 1, 'throw_dices', '¤ninjaµ ##monsters/to-left/regular/the-king.png££ a obtenu #dices/black/dice_paw.png£#dices/black/dice_paw.png£#dices/black/dice_heart.png£#dices/black/dice_heart.png£#dices/black/dice_three.png£#dices/black/dice_one.png£', NULL, NULL),
(110, 1, 4, 1, 'throw_dices', '¤ninjaµ ##monsters/to-left/regular/the-king.png££ a obtenu #dices/black/dice_paw.png£#dices/black/dice_heart_locked.png£#dices/black/dice_heart_locked.png£#dices/black/dice_two.png£#dices/black/dice_two.png£#dices/black/dice_flash.png£', NULL, NULL),
(111, 1, 4, 1, 'throw_dices', '¤ninjaµ ##monsters/to-left/regular/the-king.png££ a obtenu #dices/black/dice_heart_locked.png£#dices/black/dice_heart_locked.png£#dices/black/dice_two_locked.png£#dices/black/dice_two_locked.png£#dices/black/dice_flash.png£#dices/black/dice_flash.png£', NULL, NULL),
(112, 1, 4, 1, 'resolve_order_dices', '¤ninjaµ ##monsters/to-left/regular/the-king.png££ a choisi cet ordre de résolution: #dices/black/dice_two.png£#dices/black/dice_two.png£ #dices/black/dice_heart.png£#dices/black/dice_heart.png£ #dices/black/dice_flash.png£#dices/black/dice_flash.png£ ', NULL, NULL),
(113, 1, 4, 1, 'resolve_dices_victory', '¤ninjaµ ##monsters/to-left/regular/the-king.png££ a gagné 0#symbols/star.png£', NULL, NULL),
(114, 1, 4, 1, 'resolve_dices_heart', '¤ninjaµ ##monsters/to-left/regular/the-king.png££ a gagné 2#symbols/heart.png£', NULL, NULL),
(115, 1, 4, 1, 'resolve_dices_flash', '¤ninjaµ ##monsters/to-left/regular/the-king.png££ a gagné 2#symbols/flash.png£', NULL, NULL),
(116, 1, 1, 1, 'start_turn', 'Le tour de ¤skyµ ##monsters/to-left/regular/ali-san.png££ a commencé.', NULL, NULL),
(117, 1, 1, 1, 'is_starting_in_city', '¤skyµ ##monsters/to-left/regular/ali-san.png££ a commencé son tour hors de Tokyo et n\'a pas gagné de #symbols/star.png£', NULL, NULL),
(118, 1, 1, 1, 'throw_dices', '¤skyµ ##monsters/to-left/regular/ali-san.png££ a obtenu #dices/black/dice_paw.png£#dices/black/dice_paw.png£#dices/black/dice_three.png£#dices/black/dice_three.png£#dices/black/dice_flash.png£#dices/black/dice_flash.png£', NULL, NULL),
(119, 1, 1, 1, 'throw_dices', '¤skyµ ##monsters/to-left/regular/ali-san.png££ a obtenu #dices/black/dice_paw_locked.png£#dices/black/dice_paw_locked.png£#dices/black/dice_three_locked.png£#dices/black/dice_three_locked.png£#dices/black/dice_three.png£#dices/black/dice_one.png£', NULL, NULL),
(120, 1, 1, 1, 'throw_dices', '¤skyµ ##monsters/to-left/regular/ali-san.png££ a obtenu #dices/black/dice_paw_locked.png£#dices/black/dice_paw_locked.png£#dices/black/dice_three_locked.png£#dices/black/dice_three_locked.png£#dices/black/dice_three_locked.png£#dices/black/dice_one.png£', NULL, NULL),
(121, 1, 1, 1, 'resolve_order_dices', '¤skyµ ##monsters/to-left/regular/ali-san.png££ a choisi cet ordre de résolution: #dices/black/dice_one.png£#dices/black/dice_three.png£#dices/black/dice_three.png£#dices/black/dice_three.png£ #dices/black/dice_paw.png£#dices/black/dice_paw.png£ ', NULL, NULL),
(122, 1, 1, 1, 'resolve_dices_victory', '¤skyµ ##monsters/to-left/regular/ali-san.png££ a gagné 3#symbols/star.png£', NULL, NULL),
(123, 1, 1, 1, 'resolve_dices_paw', '¤skyµ ##monsters/to-left/regular/ali-san.png££ a attaqué indi ##monsters/to-right/regular/anubis.png££ dans Tokyo avec #dices/black/dice_paw.png£#dices/black/dice_paw.png£', NULL, NULL),
(124, 1, 5, 1, 'ask_to_leave_tokyo', '¤indiµ ##monsters/to-right/regular/anubis.png££ est resté dans Tokyo', NULL, NULL),
(125, 1, 5, 1, 'start_turn', 'Le tour de ¤indiµ ##monsters/to-right/regular/anubis.png££ a commencé.', NULL, NULL),
(126, 1, 5, 1, 'is_starting_in_city', '¤indiµ ##monsters/to-right/regular/anubis.png££ a commencé son tour dans Tokyo et gagné 2#symbols/star.png£', NULL, NULL),
(127, 1, 5, 1, 'throw_dices', '¤indiµ ##monsters/to-right/regular/anubis.png££ a obtenu #dices/black/dice_paw.png£#dices/black/dice_heart.png£#dices/black/dice_two.png£#dices/black/dice_one.png£#dices/black/dice_flash.png£#dices/black/dice_flash.png£', NULL, NULL),
(128, 1, 5, 1, 'throw_dices', '¤indiµ ##monsters/to-right/regular/anubis.png££ a obtenu #dices/black/dice_paw_locked.png£#dices/black/dice_heart.png£#dices/black/dice_two.png£#dices/black/dice_two.png£#dices/black/dice_flash.png£#dices/black/dice_flash.png£', NULL, NULL),
(129, 1, 5, 1, 'throw_dices', '¤indiµ ##monsters/to-right/regular/anubis.png££ a obtenu #dices/black/dice_paw_locked.png£#dices/black/dice_paw.png£#dices/black/dice_paw.png£#dices/black/dice_two.png£#dices/black/dice_one.png£#dices/black/dice_one.png£', NULL, NULL),
(130, 1, 5, 1, 'resolve_order_dices', '¤indiµ ##monsters/to-right/regular/anubis.png££ a choisi cet ordre de résolution: #dices/black/dice_one.png£#dices/black/dice_one.png£#dices/black/dice_two.png£ #dices/black/dice_paw.png£#dices/black/dice_paw.png£#dices/black/dice_paw.png£ ', NULL, NULL),
(131, 1, 5, 1, 'resolve_dices_victory', '¤indiµ ##monsters/to-right/regular/anubis.png££ a gagné 0#symbols/star.png£', NULL, NULL),
(132, 1, 5, 1, 'resolve_dices_paw', '¤indiµ ##monsters/to-right/regular/anubis.png££ a attaqué sky ##monsters/to-left/regular/ali-san.png££, ninja ##monsters/to-left/regular/the-king.png££ hors de Tokyo avec #dices/black/dice_paw.png£#dices/black/dice_paw.png£#dices/black/dice_paw.png£', NULL, NULL),
(133, 1, 4, 1, 'start_turn', 'Le tour de ¤ninjaµ ##monsters/to-left/regular/the-king.png££ a commencé.', NULL, NULL),
(134, 1, 4, 1, 'is_starting_in_city', '¤ninjaµ ##monsters/to-left/regular/the-king.png££ a commencé son tour hors de Tokyo et n\'a pas gagné de #symbols/star.png£', NULL, NULL),
(135, 1, 4, 1, 'throw_dices', '¤ninjaµ ##monsters/to-left/regular/the-king.png££ a obtenu #dices/black/dice_paw.png£#dices/black/dice_heart.png£#dices/black/dice_heart.png£#dices/black/dice_three.png£#dices/black/dice_three.png£#dices/black/dice_flash.png£', NULL, NULL),
(136, 1, 4, 1, 'throw_dices', '¤ninjaµ ##monsters/to-left/regular/the-king.png££ a obtenu #dices/black/dice_paw_locked.png£#dices/black/dice_paw.png£#dices/black/dice_paw.png£#dices/black/dice_paw.png£#dices/black/dice_three.png£#dices/black/dice_two.png£', NULL, NULL),
(137, 1, 4, 1, 'throw_dices', '¤ninjaµ ##monsters/to-left/regular/the-king.png££ a obtenu #dices/black/dice_paw_locked.png£#dices/black/dice_paw_locked.png£#dices/black/dice_paw_locked.png£#dices/black/dice_paw_locked.png£#dices/black/dice_two.png£#dices/black/dice_one.png£', NULL, NULL),
(138, 1, 4, 1, 'resolve_order_dices', '¤ninjaµ ##monsters/to-left/regular/the-king.png££ a choisi cet ordre de résolution: #dices/black/dice_one.png£#dices/black/dice_two.png£ #dices/black/dice_paw.png£#dices/black/dice_paw.png£#dices/black/dice_paw.png£#dices/black/dice_paw.png£ ', NULL, NULL),
(156, 1, 4, 1, 'resolve_dices_victory', '¤ninjaµ ##monsters/to-left/regular/the-king.png££ a gagné 0#symbols/star.png£', NULL, NULL),
(157, 1, 4, 1, 'resolve_dices_paw', '¤ninjaµ ##monsters/to-left/regular/the-king.png££ a attaqué  dans Tokyo avec #dices/black/dice_paw.png£#dices/black/dice_paw.png£#dices/black/dice_paw.png£#dices/black/dice_paw.png£', NULL, NULL),
(158, 1, 4, 1, 'are_dead', '¤indiµ ##monsters/to-left/regular/anubis.png££ est #/symbols/dead.png£ !', 4, 'enter_tokyo_city'),
(159, 1, 4, 1, 'enter_tokyo_city', '¤ninjaµ ##monsters/to-right/regular/the-king.png££ est entré dans Tokyo City', NULL, NULL),
(160, 1, 1, 1, 'start_turn', 'Le tour de ¤skyµ ##monsters/to-left/regular/ali-san.png££ a commencé.', NULL, NULL),
(161, 1, 1, 1, 'is_starting_in_city', '¤skyµ ##monsters/to-left/regular/ali-san.png££ a commencé son tour hors de Tokyo et n\'a pas gagné de #symbols/star.png£', NULL, NULL),
(162, 1, 1, 1, 'throw_dices', '¤skyµ ##monsters/to-left/regular/ali-san.png££ a obtenu #dices/black/dice_heart.png£#dices/black/dice_three.png£#dices/black/dice_two.png£#dices/black/dice_one.png£#dices/black/dice_flash.png£#dices/black/dice_flash.png£', NULL, NULL),
(163, 1, 1, 1, 'throw_dices', '¤skyµ ##monsters/to-left/regular/ali-san.png££ a obtenu #dices/black/dice_paw.png£#dices/black/dice_three.png£#dices/black/dice_two.png£#dices/black/dice_two.png£#dices/black/dice_one.png£#dices/black/dice_flash.png£', NULL, NULL),
(164, 1, 1, 1, 'throw_dices', '¤skyµ ##monsters/to-left/regular/ali-san.png££ a obtenu #dices/black/dice_paw_locked.png£#dices/black/dice_paw.png£#dices/black/dice_paw.png£#dices/black/dice_two.png£#dices/black/dice_two.png£#dices/black/dice_one.png£', NULL, NULL),
(165, 1, 1, 1, 'resolve_order_dices', '¤skyµ ##monsters/to-left/regular/ali-san.png££ a choisi cet ordre de résolution: #dices/black/dice_one.png£#dices/black/dice_two.png£#dices/black/dice_two.png£ #dices/black/dice_paw.png£#dices/black/dice_paw.png£#dices/black/dice_paw.png£ ', NULL, NULL),
(166, 1, 1, 1, 'resolve_dices_victory', '¤skyµ ##monsters/to-left/regular/ali-san.png££ a gagné 0#symbols/star.png£', NULL, NULL),
(167, 1, 1, 1, 'resolve_dices_paw', '¤skyµ ##monsters/to-left/regular/ali-san.png££ a attaqué  dans Tokyo avec #dices/black/dice_paw.png£#dices/black/dice_paw.png£#dices/black/dice_paw.png£', NULL, NULL),
(168, 1, 1, 1, 'are_dead', '¤ninjaµ ##monsters/to-left/regular/the-king.png££ est #/symbols/dead.png£ !', 1, 'enter_tokyo_city'),
(169, 1, 1, 0, 'has_won_by_killing', NULL, NULL, NULL),
(170, 2, 8, 1, 'start_turn', 'Le tour de ¤ninjaµ ##monsters/to-left/regular/sheriff.png££ a commencé.', NULL, NULL),
(171, 2, 8, 1, 'is_starting_in_city', '¤ninjaµ ##monsters/to-left/regular/sheriff.png££ a commencé son tour hors de Tokyo et n\'a pas gagné de #symbols/star.png£', NULL, NULL),
(172, 2, 8, 1, 'throw_dices', '¤ninjaµ ##monsters/to-left/regular/sheriff.png££ a obtenu #dices/black/dice_paw.png£#dices/black/dice_heart.png£#dices/black/dice_three.png£#dices/black/dice_three.png£#dices/black/dice_two.png£#dices/black/dice_one.png£', NULL, NULL),
(173, 2, 8, 1, 'throw_dices', '¤ninjaµ ##monsters/to-left/regular/sheriff.png££ a obtenu #dices/black/dice_paw.png£#dices/black/dice_three_locked.png£#dices/black/dice_three_locked.png£#dices/black/dice_three.png£#dices/black/dice_one.png£#dices/black/dice_flash.png£', NULL, NULL),
(174, 2, 8, 1, 'throw_dices', '¤ninjaµ ##monsters/to-left/regular/sheriff.png££ a obtenu #dices/black/dice_three_locked.png£#dices/black/dice_three_locked.png£#dices/black/dice_three_locked.png£#dices/black/dice_three.png£#dices/black/dice_flash.png£#dices/black/dice_flash.png£', NULL, NULL),
(175, 2, 8, 1, 'resolve_order_dices', '¤ninjaµ ##monsters/to-left/regular/sheriff.png££ a choisi cet ordre de résolution: #dices/black/dice_three.png£#dices/black/dice_three.png£#dices/black/dice_three.png£#dices/black/dice_three.png£ #dices/black/dice_flash.png£#dices/black/dice_flash.png£ ', NULL, NULL),
(176, 2, 8, 1, 'resolve_dices_victory', '¤ninjaµ ##monsters/to-left/regular/sheriff.png££ a gagné 4#symbols/star.png£', NULL, NULL),
(177, 2, 8, 1, 'resolve_dices_flash', '¤ninjaµ ##monsters/to-right/regular/sheriff.png££ a gagné 2#symbols/flash.png£', NULL, NULL),
(178, 2, 8, 1, 'enter_tokyo_city', '¤ninjaµ ##monsters/to-right/regular/sheriff.png££ est entré dans Tokyo City', NULL, NULL),
(179, 2, 6, 1, 'start_turn', 'Le tour de ¤skyµ ##monsters/to-left/regular/lollybot.png££ a commencé.', NULL, NULL),
(180, 2, 6, 1, 'is_starting_in_city', '¤skyµ ##monsters/to-left/regular/lollybot.png££ a commencé son tour hors de Tokyo et n\'a pas gagné de #symbols/star.png£', NULL, NULL),
(181, 2, 6, 1, 'throw_dices', '¤skyµ ##monsters/to-left/regular/lollybot.png££ a obtenu #dices/black/dice_paw.png£#dices/black/dice_heart.png£#dices/black/dice_heart.png£#dices/black/dice_two.png£#dices/black/dice_one.png£#dices/black/dice_flash.png£', NULL, NULL),
(182, 2, 6, 1, 'throw_dices', '¤skyµ ##monsters/to-left/regular/lollybot.png££ a obtenu #dices/black/dice_paw_locked.png£#dices/black/dice_paw.png£#dices/black/dice_two.png£#dices/black/dice_two.png£#dices/black/dice_one.png£#dices/black/dice_flash.png£', NULL, NULL),
(183, 2, 6, 1, 'throw_dices', '¤skyµ ##monsters/to-left/regular/lollybot.png££ a obtenu #dices/black/dice_paw_locked.png£#dices/black/dice_paw_locked.png£#dices/black/dice_heart.png£#dices/black/dice_three.png£#dices/black/dice_one.png£#dices/black/dice_one.png£', NULL, NULL),
(184, 2, 6, 1, 'resolve_order_dices', '¤skyµ ##monsters/to-left/regular/lollybot.png££ a choisi cet ordre de résolution: #dices/black/dice_one.png£#dices/black/dice_one.png£#dices/black/dice_three.png£ #dices/black/dice_paw.png£#dices/black/dice_paw.png£ #dices/black/dice_heart.png£ ', NULL, NULL),
(185, 2, 6, 1, 'resolve_dices_victory', '¤skyµ ##monsters/to-left/regular/lollybot.png££ a gagné 0#symbols/star.png£', NULL, NULL),
(186, 2, 6, 1, 'resolve_dices_paw', '¤skyµ ##monsters/to-left/regular/lollybot.png££ a attaqué ninja ##monsters/to-right/regular/sheriff.png££ dans Tokyo avec #dices/black/dice_paw.png£#dices/black/dice_paw.png£', NULL, NULL),
(187, 2, 8, 1, 'ask_to_leave_tokyo', '¤ninjaµ ##monsters/to-right/regular/sheriff.png££ est resté dans Tokyo', NULL, NULL),
(188, 2, 6, 1, 'resolve_dices_heart', '¤skyµ ##monsters/to-left/regular/lollybot.png££ a gagné 1#symbols/heart.png£', NULL, NULL),
(189, 2, 7, 1, 'start_turn', 'Le tour de ¤indiµ ##monsters/to-left/regular/meka-dragon.png££ a commencé.', NULL, NULL),
(190, 2, 7, 1, 'is_starting_in_city', '¤indiµ ##monsters/to-left/regular/meka-dragon.png££ a commencé son tour hors de Tokyo et n\'a pas gagné de #symbols/star.png£', NULL, NULL),
(191, 2, 7, 1, 'throw_dices', '¤indiµ ##monsters/to-left/regular/meka-dragon.png££ a obtenu #dices/black/dice_heart.png£#dices/black/dice_heart.png£#dices/black/dice_two.png£#dices/black/dice_two.png£#dices/black/dice_one.png£#dices/black/dice_flash.png£', NULL, NULL),
(192, 2, 7, 1, 'throw_dices', '¤indiµ ##monsters/to-left/regular/meka-dragon.png££ a obtenu #dices/black/dice_paw.png£#dices/black/dice_heart.png£#dices/black/dice_heart.png£#dices/black/dice_one.png£#dices/black/dice_flash.png£#dices/black/dice_flash.png£', NULL, NULL),
(193, 2, 7, 1, 'throw_dices', '¤indiµ ##monsters/to-left/regular/meka-dragon.png££ a obtenu #dices/black/dice_paw_locked.png£#dices/black/dice_paw.png£#dices/black/dice_paw.png£#dices/black/dice_heart.png£#dices/black/dice_three.png£#dices/black/dice_two.png£', NULL, NULL),
(194, 2, 7, 1, 'resolve_order_dices', '¤indiµ ##monsters/to-left/regular/meka-dragon.png££ a choisi cet ordre de résolution: #dices/black/dice_two.png£#dices/black/dice_three.png£ #dices/black/dice_paw.png£#dices/black/dice_paw.png£#dices/black/dice_paw.png£ #dices/black/dice_heart.png£ ', NULL, NULL),
(195, 2, 7, 1, 'resolve_dices_victory', '¤indiµ ##monsters/to-left/regular/meka-dragon.png££ a gagné 0#symbols/star.png£', NULL, NULL),
(196, 2, 7, 1, 'resolve_dices_paw', '¤indiµ ##monsters/to-left/regular/meka-dragon.png££ a attaqué ninja ##monsters/to-right/regular/sheriff.png££ dans Tokyo avec #dices/black/dice_paw.png£#dices/black/dice_paw.png£#dices/black/dice_paw.png£', NULL, NULL),
(197, 2, 8, 1, 'ask_to_leave_tokyo', '¤ninjaµ ##monsters/to-right/regular/sheriff.png££ est resté dans Tokyo', NULL, NULL),
(198, 2, 7, 1, 'resolve_dices_heart', '¤indiµ ##monsters/to-left/regular/meka-dragon.png££ a gagné 1#symbols/heart.png£', NULL, NULL),
(199, 2, 8, 1, 'start_turn', 'Le tour de ¤ninjaµ ##monsters/to-right/regular/sheriff.png££ a commencé.', NULL, NULL),
(200, 2, 8, 1, 'is_starting_in_city', '¤ninjaµ ##monsters/to-right/regular/sheriff.png££ a commencé son tour dans Tokyo et gagné 2#symbols/star.png£', NULL, NULL),
(201, 2, 8, 1, 'throw_dices', '¤ninjaµ ##monsters/to-right/regular/sheriff.png££ a obtenu #dices/black/dice_paw.png£#dices/black/dice_paw.png£#dices/black/dice_paw.png£#dices/black/dice_paw.png£#dices/black/dice_two.png£#dices/black/dice_two.png£', NULL, NULL),
(202, 2, 8, 1, 'throw_dices', '¤ninjaµ ##monsters/to-right/regular/sheriff.png££ a obtenu #dices/black/dice_paw_locked.png£#dices/black/dice_paw_locked.png£#dices/black/dice_paw_locked.png£#dices/black/dice_paw_locked.png£#dices/black/dice_one.png£#dices/black/dice_one.png£', NULL, NULL),
(203, 2, 8, 1, 'throw_dices', '¤ninjaµ ##monsters/to-right/regular/sheriff.png££ a obtenu #dices/black/dice_paw_locked.png£#dices/black/dice_paw_locked.png£#dices/black/dice_paw_locked.png£#dices/black/dice_paw_locked.png£#dices/black/dice_paw.png£#dices/black/dice_heart.png£', NULL, NULL),
(204, 2, 8, 1, 'resolve_order_dices', '¤ninjaµ ##monsters/to-right/regular/sheriff.png££ a choisi cet ordre de résolution: #dices/black/dice_paw.png£#dices/black/dice_paw.png£#dices/black/dice_paw.png£#dices/black/dice_paw.png£#dices/black/dice_paw.png£ #dices/black/dice_heart.png£ ', NULL, NULL),
(205, 2, 8, 1, 'resolve_dices_paw', '¤ninjaµ ##monsters/to-right/regular/sheriff.png££ a attaqué sky ##monsters/to-left/regular/lollybot.png££, indi ##monsters/to-left/regular/meka-dragon.png££ hors de Tokyo avec #dices/black/dice_paw.png£#dices/black/dice_paw.png£#dices/black/dice_paw.png£#dices/black/dice_paw.png£#dices/black/dice_paw.png£', NULL, NULL),
(206, 2, 8, 1, 'resolve_dices_heart', '¤ninjaµ ##monsters/to-right/regular/sheriff.png££ a gagné 0#symbols/heart.png£', NULL, NULL),
(207, 2, 6, 1, 'start_turn', 'Le tour de ¤skyµ ##monsters/to-left/regular/lollybot.png££ a commencé.', NULL, NULL),
(208, 2, 6, 1, 'is_starting_in_city', '¤skyµ ##monsters/to-left/regular/lollybot.png££ a commencé son tour hors de Tokyo et n\'a pas gagné de #symbols/star.png£', NULL, NULL),
(209, 2, 6, 1, 'throw_dices', '¤skyµ ##monsters/to-left/regular/lollybot.png££ a obtenu #dices/black/dice_heart.png£#dices/black/dice_two.png£#dices/black/dice_two.png£#dices/black/dice_two.png£#dices/black/dice_one.png£#dices/black/dice_one.png£', NULL, NULL),
(210, 2, 6, 1, 'throw_dices', '¤skyµ ##monsters/to-left/regular/lollybot.png££ a obtenu #dices/black/dice_paw.png£#dices/black/dice_heart.png£#dices/black/dice_one.png£#dices/black/dice_flash.png£#dices/black/dice_flash.png£#dices/black/dice_flash.png£', NULL, NULL),
(211, 2, 6, 1, 'throw_dices', '¤skyµ ##monsters/to-left/regular/lollybot.png££ a obtenu #dices/black/dice_paw_locked.png£#dices/black/dice_paw.png£#dices/black/dice_three.png£#dices/black/dice_three.png£#dices/black/dice_three.png£#dices/black/dice_two.png£', NULL, NULL),
(212, 2, 6, 1, 'resolve_order_dices', '¤skyµ ##monsters/to-left/regular/lollybot.png££ a choisi cet ordre de résolution: #dices/black/dice_two.png£#dices/black/dice_three.png£#dices/black/dice_three.png£#dices/black/dice_three.png£ #dices/black/dice_paw.png£#dices/black/dice_paw.png£ ', NULL, NULL),
(213, 2, 6, 1, 'resolve_dices_victory', '¤skyµ ##monsters/to-left/regular/lollybot.png££ a gagné 3#symbols/star.png£', NULL, NULL),
(214, 2, 6, 1, 'resolve_dices_paw', '¤skyµ ##monsters/to-left/regular/lollybot.png££ a attaqué ninja ##monsters/to-right/regular/sheriff.png££ dans Tokyo avec #dices/black/dice_paw.png£#dices/black/dice_paw.png£', NULL, NULL),
(215, 2, 8, 1, 'ask_to_leave_tokyo', '¤ninjaµ ##monsters/to-right/regular/sheriff.png££ est resté dans Tokyo', NULL, NULL),
(216, 2, 7, 1, 'start_turn', 'Le tour de ¤indiµ ##monsters/to-left/regular/meka-dragon.png££ a commencé.', NULL, NULL),
(217, 2, 7, 1, 'is_starting_in_city', '¤indiµ ##monsters/to-left/regular/meka-dragon.png££ a commencé son tour hors de Tokyo et n\'a pas gagné de #symbols/star.png£', NULL, NULL),
(218, 2, 7, 1, 'throw_dices', '¤indiµ ##monsters/to-left/regular/meka-dragon.png££ a obtenu #dices/black/dice_paw.png£#dices/black/dice_paw.png£#dices/black/dice_paw.png£#dices/black/dice_paw.png£#dices/black/dice_three.png£#dices/black/dice_flash.png£', NULL, NULL),
(219, 2, 7, 1, 'resolve_order_dices', '¤indiµ ##monsters/to-left/regular/meka-dragon.png££ a choisi cet ordre de résolution: #dices/black/dice_three.png£ #dices/black/dice_flash.png£ #dices/black/dice_paw.png£#dices/black/dice_paw.png£#dices/black/dice_paw.png£#dices/black/dice_paw.png£ ', NULL, NULL),
(220, 2, 7, 1, 'resolve_dices_victory', '¤indiµ ##monsters/to-left/regular/meka-dragon.png££ a gagné 0#symbols/star.png£', NULL, NULL),
(221, 2, 7, 1, 'resolve_dices_flash', '¤indiµ ##monsters/to-left/regular/meka-dragon.png££ a gagné 1#symbols/flash.png£', NULL, NULL),
(222, 2, 7, 1, 'resolve_dices_paw', '¤indiµ ##monsters/to-left/regular/meka-dragon.png££ a attaqué  dans Tokyo avec #dices/black/dice_paw.png£#dices/black/dice_paw.png£#dices/black/dice_paw.png£#dices/black/dice_paw.png£', NULL, NULL),
(223, 2, 7, 1, 'are_dead', '¤ninjaµ ##monsters/to-left/regular/sheriff.png££ est #/symbols/dead.png£ !', 7, 'enter_tokyo_city'),
(224, 2, 7, 1, 'enter_tokyo_city', '¤indiµ ##monsters/to-right/regular/meka-dragon.png££ est entré dans Tokyo City', NULL, NULL),
(225, 2, 6, 1, 'start_turn', 'Le tour de ¤skyµ ##monsters/to-left/regular/lollybot.png££ a commencé.', NULL, NULL),
(226, 2, 6, 1, 'is_starting_in_city', '¤skyµ ##monsters/to-left/regular/lollybot.png££ a commencé son tour hors de Tokyo et n\'a pas gagné de #symbols/star.png£', NULL, NULL),
(227, 2, 6, 1, 'throw_dices', '¤skyµ ##monsters/to-left/regular/lollybot.png££ a obtenu #dices/black/dice_paw.png£#dices/black/dice_heart.png£#dices/black/dice_three.png£#dices/black/dice_three.png£#dices/black/dice_two.png£#dices/black/dice_flash.png£', NULL, NULL),
(228, 2, 6, 1, 'throw_dices', '¤skyµ ##monsters/to-left/regular/lollybot.png££ a obtenu #dices/black/dice_paw_locked.png£#dices/black/dice_paw.png£#dices/black/dice_heart.png£#dices/black/dice_two.png£#dices/black/dice_two.png£#dices/black/dice_two.png£', NULL, NULL),
(229, 2, 6, 1, 'throw_dices', '¤skyµ ##monsters/to-left/regular/lollybot.png££ a obtenu #dices/black/dice_paw_locked.png£#dices/black/dice_paw_locked.png£#dices/black/dice_paw.png£#dices/black/dice_three.png£#dices/black/dice_flash.png£#dices/black/dice_flash.png£', NULL, NULL),
(230, 2, 6, 1, 'resolve_order_dices', '¤skyµ ##monsters/to-left/regular/lollybot.png££ a choisi cet ordre de résolution: #dices/black/dice_three.png£ #dices/black/dice_flash.png£#dices/black/dice_flash.png£ #dices/black/dice_paw.png£#dices/black/dice_paw.png£#dices/black/dice_paw.png£ ', NULL, NULL),
(231, 2, 6, 1, 'resolve_dices_victory', '¤skyµ ##monsters/to-left/regular/lollybot.png££ a gagné 0#symbols/star.png£', NULL, NULL),
(232, 2, 6, 1, 'resolve_dices_flash', '¤skyµ ##monsters/to-left/regular/lollybot.png££ a gagné 2#symbols/flash.png£', NULL, NULL),
(233, 2, 6, 1, 'resolve_dices_paw', '¤skyµ ##monsters/to-left/regular/lollybot.png££ a attaqué indi ##monsters/to-right/regular/meka-dragon.png££ dans Tokyo avec #dices/black/dice_paw.png£#dices/black/dice_paw.png£#dices/black/dice_paw.png£', NULL, NULL),
(234, 2, 7, 1, 'ask_to_leave_tokyo', '¤indiµ ##monsters/to-right/regular/meka-dragon.png££ est resté dans Tokyo', NULL, NULL),
(235, 2, 7, 1, 'start_turn', 'Le tour de ¤indiµ ##monsters/to-right/regular/meka-dragon.png££ a commencé.', NULL, NULL),
(236, 2, 7, 1, 'is_starting_in_city', '¤indiµ ##monsters/to-right/regular/meka-dragon.png££ a commencé son tour dans Tokyo et gagné 2#symbols/star.png£', NULL, NULL),
(237, 2, 7, 1, 'throw_dices', '¤indiµ ##monsters/to-right/regular/meka-dragon.png££ a obtenu #dices/black/dice_paw.png£#dices/black/dice_three.png£#dices/black/dice_three.png£#dices/black/dice_three.png£#dices/black/dice_one.png£#dices/black/dice_one.png£', NULL, NULL),
(238, 2, 7, 1, 'throw_dices', '¤indiµ ##monsters/to-right/regular/meka-dragon.png££ a obtenu #dices/black/dice_paw.png£#dices/black/dice_paw.png£#dices/black/dice_paw.png£#dices/black/dice_three_locked.png£#dices/black/dice_three_locked.png£#dices/black/dice_three_locked.png£', NULL, NULL),
(239, 2, 7, 1, 'resolve_order_dices', '¤indiµ ##monsters/to-right/regular/meka-dragon.png££ a choisi cet ordre de résolution: #dices/black/dice_three.png£#dices/black/dice_three.png£#dices/black/dice_three.png£ #dices/black/dice_paw.png£#dices/black/dice_paw.png£#dices/black/dice_paw.png£ ', NULL, NULL),
(240, 2, 7, 1, 'resolve_dices_victory', '¤indiµ ##monsters/to-right/regular/meka-dragon.png££ a gagné 3#symbols/star.png£', NULL, NULL),
(241, 2, 7, 1, 'resolve_dices_paw', '¤indiµ ##monsters/to-right/regular/meka-dragon.png££ a attaqué sky ##monsters/to-left/regular/lollybot.png££, ninja ##monsters/to-left/regular/sheriff.png££ hors de Tokyo avec #dices/black/dice_paw.png£#dices/black/dice_paw.png£#dices/black/dice_paw.png£', NULL, NULL),
(242, 2, 6, 1, 'start_turn', 'Le tour de ¤skyµ ##monsters/to-left/regular/lollybot.png££ a commencé.', NULL, NULL),
(243, 2, 6, 1, 'is_starting_in_city', '¤skyµ ##monsters/to-left/regular/lollybot.png££ a commencé son tour hors de Tokyo et n\'a pas gagné de #symbols/star.png£', NULL, NULL),
(244, 2, 6, 1, 'throw_dices', '¤skyµ ##monsters/to-left/regular/lollybot.png££ a obtenu #dices/black/dice_paw.png£#dices/black/dice_heart.png£#dices/black/dice_heart.png£#dices/black/dice_heart.png£#dices/black/dice_two.png£#dices/black/dice_flash.png£', NULL, NULL),
(245, 2, 6, 1, 'throw_dices', '¤skyµ ##monsters/to-left/regular/lollybot.png££ a obtenu #dices/black/dice_paw_locked.png£#dices/black/dice_heart.png£#dices/black/dice_heart.png£#dices/black/dice_two.png£#dices/black/dice_one.png£#dices/black/dice_flash.png£', NULL, NULL),
(246, 2, 6, 1, 'throw_dices', '¤skyµ ##monsters/to-left/regular/lollybot.png££ a obtenu #dices/black/dice_paw_locked.png£#dices/black/dice_paw.png£#dices/black/dice_heart.png£#dices/black/dice_heart.png£#dices/black/dice_two.png£#dices/black/dice_one.png£', NULL, NULL),
(247, 2, 6, 1, 'resolve_order_dices', '¤skyµ ##monsters/to-left/regular/lollybot.png££ a choisi cet ordre de résolution: #dices/black/dice_paw.png£#dices/black/dice_paw.png£ #dices/black/dice_one.png£#dices/black/dice_two.png£ #dices/black/dice_heart.png£#dices/black/dice_heart.png£ ', NULL, NULL),
(248, 2, 6, 1, 'resolve_dices_paw', '¤skyµ ##monsters/to-left/regular/lollybot.png££ a attaqué  dans Tokyo avec #dices/black/dice_paw.png£#dices/black/dice_paw.png£', NULL, NULL),
(249, 2, 6, 1, 'are_dead', '¤indiµ ##monsters/to-left/regular/meka-dragon.png££ est #/symbols/dead.png£ !', 6, 'resolve_dices_victory'),
(250, 2, 6, 0, 'has_won_by_killing', NULL, NULL, NULL),
(251, 3, 11, 1, 'start_turn', 'Le tour de ¤indiµ ##monsters/to-left/regular/cybertooth.png££ a commencé.', NULL, NULL),
(252, 3, 11, 1, 'is_starting_in_city', '¤indiµ ##monsters/to-left/regular/cybertooth.png££ a commencé son tour hors de Tokyo et n\'a pas gagné de #symbols/star.png£', NULL, NULL),
(253, 3, 11, 1, 'throw_dices', '¤indiµ ##monsters/to-left/regular/cybertooth.png££ a obtenu #dices/black/dice_heart.png£#dices/black/dice_heart.png£#dices/black/dice_two.png£#dices/black/dice_one.png£#dices/black/dice_one.png£#dices/black/dice_flash.png£', NULL, NULL),
(254, 3, 11, 1, 'throw_dices', '¤indiµ ##monsters/to-left/regular/cybertooth.png££ a obtenu #dices/black/dice_paw.png£#dices/black/dice_heart.png£#dices/black/dice_three.png£#dices/black/dice_two.png£#dices/black/dice_two.png£#dices/black/dice_flash.png£', NULL, NULL),
(255, 3, 11, 1, 'throw_dices', '¤indiµ ##monsters/to-left/regular/cybertooth.png££ a obtenu #dices/black/dice_paw_locked.png£#dices/black/dice_paw.png£#dices/black/dice_heart.png£#dices/black/dice_heart.png£#dices/black/dice_two.png£#dices/black/dice_one.png£', NULL, NULL),
(256, 3, 11, 1, 'resolve_order_dices', '¤indiµ ##monsters/to-left/regular/cybertooth.png££ a choisi cet ordre de résolution: #dices/black/dice_one.png£#dices/black/dice_two.png£ #dices/black/dice_paw.png£#dices/black/dice_paw.png£ #dices/black/dice_heart.png£#dices/black/dice_heart.png£ ', NULL, NULL),
(257, 3, 11, 1, 'resolve_dices_victory', '¤indiµ ##monsters/to-left/regular/cybertooth.png££ a gagné 0#symbols/star.png£', NULL, NULL),
(258, 3, 11, 1, 'resolve_dices_paw', '¤indiµ ##monsters/to-left/regular/cybertooth.png££ a attaqué  dans Tokyo avec #dices/black/dice_paw.png£#dices/black/dice_paw.png£', NULL, NULL),
(259, 3, 11, 1, 'resolve_dices_heart', '¤indiµ ##monsters/to-right/regular/cybertooth.png££ a gagné 0#symbols/heart.png£', NULL, NULL),
(260, 3, 11, 1, 'enter_tokyo_city', '¤indiµ ##monsters/to-right/regular/cybertooth.png££ est entré dans Tokyo City', NULL, NULL),
(261, 3, 10, 1, 'start_turn', 'Le tour de ¤ninjaµ ##monsters/to-left/regular/kong.png££ a commencé.', NULL, NULL),
(262, 3, 10, 1, 'is_starting_in_city', '¤ninjaµ ##monsters/to-left/regular/kong.png££ a commencé son tour hors de Tokyo et n\'a pas gagné de #symbols/star.png£', NULL, NULL);
INSERT INTO `log` (`id`, `game_id`, `player_id`, `is_done`, `action`, `message`, `next_player_id`, `next_action`) VALUES
(263, 3, 10, 1, 'throw_dices', '¤ninjaµ ##monsters/to-left/regular/kong.png££ a obtenu #dices/black/dice_paw.png£#dices/black/dice_three.png£#dices/black/dice_three.png£#dices/black/dice_two.png£#dices/black/dice_one.png£#dices/black/dice_one.png£', NULL, NULL),
(264, 3, 10, 1, 'throw_dices', '¤ninjaµ ##monsters/to-left/regular/kong.png££ a obtenu #dices/black/dice_paw_locked.png£#dices/black/dice_heart.png£#dices/black/dice_heart.png£#dices/black/dice_three_locked.png£#dices/black/dice_three_locked.png£#dices/black/dice_two.png£', NULL, NULL),
(265, 3, 10, 1, 'throw_dices', '¤ninjaµ ##monsters/to-left/regular/kong.png££ a obtenu #dices/black/dice_paw_locked.png£#dices/black/dice_paw.png£#dices/black/dice_heart.png£#dices/black/dice_three_locked.png£#dices/black/dice_three_locked.png£#dices/black/dice_three.png£', NULL, NULL),
(266, 3, 10, 1, 'resolve_order_dices', '¤ninjaµ ##monsters/to-left/regular/kong.png££ a choisi cet ordre de résolution: #dices/black/dice_paw.png£#dices/black/dice_paw.png£ #dices/black/dice_three.png£#dices/black/dice_three.png£#dices/black/dice_three.png£ #dices/black/dice_heart.png£ ', NULL, NULL),
(267, 3, 10, 1, 'resolve_dices_paw', '¤ninjaµ ##monsters/to-left/regular/kong.png££ a attaqué indi ##monsters/to-right/regular/cybertooth.png££ dans Tokyo avec #dices/black/dice_paw.png£#dices/black/dice_paw.png£', NULL, NULL),
(268, 3, 11, 1, 'ask_to_leave_tokyo', '¤indiµ ##monsters/to-right/regular/cybertooth.png££ est resté dans Tokyo', NULL, NULL),
(269, 3, 10, 1, 'resolve_dices_victory', '¤ninjaµ ##monsters/to-left/regular/kong.png££ a gagné 3#symbols/star.png£', NULL, NULL),
(270, 3, 10, 1, 'resolve_dices_heart', '¤ninjaµ ##monsters/to-right/regular/kong.png££ a gagné 0#symbols/heart.png£', NULL, NULL),
(271, 3, 10, 1, 'enter_tokyo_bay', '¤ninjaµ ##monsters/to-right/regular/kong.png££ est entré dans Tokyo Bay', NULL, NULL),
(272, 3, 9, 1, 'start_turn', 'Le tour de ¤skyµ ##monsters/to-left/regular/draccus.png££ a commencé.', NULL, NULL),
(273, 3, 9, 1, 'is_starting_in_city', '¤skyµ ##monsters/to-left/regular/draccus.png££ a commencé son tour hors de Tokyo et n\'a pas gagné de #symbols/star.png£', NULL, NULL),
(274, 3, 9, 1, 'throw_dices', '¤skyµ ##monsters/to-left/regular/draccus.png££ a obtenu #dices/black/dice_heart.png£#dices/black/dice_heart.png£#dices/black/dice_two.png£#dices/black/dice_flash.png£#dices/black/dice_flash.png£#dices/black/dice_flash.png£', NULL, NULL),
(275, 3, 9, 1, 'throw_dices', '¤skyµ ##monsters/to-left/regular/draccus.png££ a obtenu #dices/black/dice_paw.png£#dices/black/dice_heart.png£#dices/black/dice_heart.png£#dices/black/dice_flash_locked.png£#dices/black/dice_flash_locked.png£#dices/black/dice_flash_locked.png£', NULL, NULL),
(276, 3, 9, 1, 'throw_dices', '¤skyµ ##monsters/to-left/regular/draccus.png££ a obtenu #dices/black/dice_paw_locked.png£#dices/black/dice_three.png£#dices/black/dice_one.png£#dices/black/dice_flash_locked.png£#dices/black/dice_flash_locked.png£#dices/black/dice_flash_locked.png£', NULL, NULL),
(277, 3, 9, 1, 'resolve_order_dices', '¤skyµ ##monsters/to-left/regular/draccus.png££ a choisi cet ordre de résolution: #dices/black/dice_paw.png£ #dices/black/dice_one.png£#dices/black/dice_three.png£ #dices/black/dice_flash.png£#dices/black/dice_flash.png£#dices/black/dice_flash.png£ ', NULL, NULL),
(278, 3, 9, 1, 'resolve_dices_paw', '¤skyµ ##monsters/to-left/regular/draccus.png££ a attaqué ninja ##monsters/to-right/regular/kong.png££, indi ##monsters/to-right/regular/cybertooth.png££ dans Tokyo avec #dices/black/dice_paw.png£', NULL, NULL),
(279, 3, 10, 1, 'ask_to_leave_tokyo', '¤ninjaµ ##monsters/to-right/regular/kong.png££ est resté dans Tokyo', NULL, NULL),
(280, 3, 11, 1, 'ask_to_leave_tokyo', '¤indiµ ##monsters/to-right/regular/cybertooth.png££ est resté dans Tokyo', NULL, NULL),
(281, 3, 9, 1, 'resolve_dices_victory', '¤skyµ ##monsters/to-left/regular/draccus.png££ a gagné 0#symbols/star.png£', NULL, NULL),
(282, 3, 9, 1, 'resolve_dices_flash', '¤skyµ ##monsters/to-left/regular/draccus.png££ a gagné 3#symbols/flash.png£', NULL, NULL),
(283, 3, 11, 1, 'start_turn', 'Le tour de ¤indiµ ##monsters/to-right/regular/cybertooth.png££ a commencé.', NULL, NULL),
(284, 3, 11, 1, 'is_starting_in_city', '¤indiµ ##monsters/to-right/regular/cybertooth.png££ a commencé son tour dans Tokyo et gagné 2#symbols/star.png£', NULL, NULL),
(285, 3, 11, 1, 'throw_dices', '¤indiµ ##monsters/to-right/regular/cybertooth.png££ a obtenu #dices/black/dice_paw.png£#dices/black/dice_heart.png£#dices/black/dice_heart.png£#dices/black/dice_three.png£#dices/black/dice_one.png£#dices/black/dice_one.png£', NULL, NULL),
(286, 3, 11, 1, 'throw_dices', '¤indiµ ##monsters/to-right/regular/cybertooth.png££ a obtenu #dices/black/dice_paw_locked.png£#dices/black/dice_paw.png£#dices/black/dice_three.png£#dices/black/dice_two.png£#dices/black/dice_two.png£#dices/black/dice_one.png£', NULL, NULL),
(287, 3, 11, 1, 'throw_dices', '¤indiµ ##monsters/to-right/regular/cybertooth.png££ a obtenu #dices/black/dice_paw_locked.png£#dices/black/dice_paw_locked.png£#dices/black/dice_paw.png£#dices/black/dice_three.png£#dices/black/dice_two.png£#dices/black/dice_flash.png£', NULL, NULL),
(288, 3, 11, 1, 'resolve_order_dices', '¤indiµ ##monsters/to-right/regular/cybertooth.png££ a choisi cet ordre de résolution: #dices/black/dice_paw.png£#dices/black/dice_paw.png£#dices/black/dice_paw.png£ #dices/black/dice_two.png£#dices/black/dice_three.png£ #dices/black/dice_flash.png£ ', NULL, NULL),
(289, 3, 11, 1, 'resolve_dices_paw', '¤indiµ ##monsters/to-right/regular/cybertooth.png££ a attaqué sky ##monsters/to-left/regular/draccus.png££ hors de Tokyo avec #dices/black/dice_paw.png£#dices/black/dice_paw.png£#dices/black/dice_paw.png£', NULL, NULL),
(290, 3, 11, 1, 'resolve_dices_victory', '¤indiµ ##monsters/to-right/regular/cybertooth.png££ a gagné 0#symbols/star.png£', NULL, NULL),
(291, 3, 11, 1, 'resolve_dices_flash', '¤indiµ ##monsters/to-right/regular/cybertooth.png££ a gagné 1#symbols/flash.png£', NULL, NULL),
(292, 3, 10, 1, 'start_turn', 'Le tour de ¤ninjaµ ##monsters/to-right/regular/kong.png££ a commencé.', NULL, NULL),
(293, 3, 10, 1, 'is_starting_in_city', '¤ninjaµ ##monsters/to-right/regular/kong.png££ a commencé son tour dans Tokyo et gagné 2#symbols/star.png£', NULL, NULL),
(294, 3, 10, 1, 'throw_dices', '¤ninjaµ ##monsters/to-right/regular/kong.png££ a obtenu #dices/black/dice_paw.png£#dices/black/dice_heart.png£#dices/black/dice_heart.png£#dices/black/dice_three.png£#dices/black/dice_three.png£#dices/black/dice_flash.png£', NULL, NULL),
(295, 3, 10, 1, 'throw_dices', '¤ninjaµ ##monsters/to-right/regular/kong.png££ a obtenu #dices/black/dice_paw_locked.png£#dices/black/dice_two.png£#dices/black/dice_two.png£#dices/black/dice_one.png£#dices/black/dice_one.png£#dices/black/dice_flash.png£', NULL, NULL),
(296, 3, 10, 1, 'throw_dices', '¤ninjaµ ##monsters/to-right/regular/kong.png££ a obtenu #dices/black/dice_paw_locked.png£#dices/black/dice_paw.png£#dices/black/dice_heart.png£#dices/black/dice_heart.png£#dices/black/dice_heart.png£#dices/black/dice_three.png£', NULL, NULL),
(297, 3, 10, 1, 'resolve_order_dices', '¤ninjaµ ##monsters/to-right/regular/kong.png££ a choisi cet ordre de résolution: #dices/black/dice_paw.png£#dices/black/dice_paw.png£ #dices/black/dice_three.png£ #dices/black/dice_heart.png£#dices/black/dice_heart.png£#dices/black/dice_heart.png£ ', NULL, NULL),
(298, 3, 10, 1, 'resolve_dices_paw', '¤ninjaµ ##monsters/to-right/regular/kong.png££ a attaqué sky ##monsters/to-left/regular/draccus.png££ hors de Tokyo avec #dices/black/dice_paw.png£#dices/black/dice_paw.png£', NULL, NULL),
(299, 3, 10, 1, 'resolve_dices_victory', '¤ninjaµ ##monsters/to-right/regular/kong.png££ a gagné 0#symbols/star.png£', NULL, NULL),
(300, 3, 10, 1, 'resolve_dices_heart', '¤ninjaµ ##monsters/to-right/regular/kong.png££ a gagné 0#symbols/heart.png£', NULL, NULL),
(301, 3, 9, 1, 'start_turn', 'Le tour de ¤skyµ ##monsters/to-left/regular/draccus.png££ a commencé.', NULL, NULL),
(302, 3, 9, 1, 'is_starting_in_city', '¤skyµ ##monsters/to-left/regular/draccus.png££ a commencé son tour hors de Tokyo et n\'a pas gagné de #symbols/star.png£', NULL, NULL),
(303, 3, 9, 1, 'throw_dices', '¤skyµ ##monsters/to-left/regular/draccus.png££ a obtenu #dices/black/dice_three.png£#dices/black/dice_two.png£#dices/black/dice_two.png£#dices/black/dice_two.png£#dices/black/dice_two.png£#dices/black/dice_flash.png£', NULL, NULL),
(304, 3, 9, 1, 'throw_dices', '¤skyµ ##monsters/to-left/regular/draccus.png££ a obtenu #dices/black/dice_two_locked.png£#dices/black/dice_two_locked.png£#dices/black/dice_two_locked.png£#dices/black/dice_two_locked.png£#dices/black/dice_two.png£#dices/black/dice_two.png£', NULL, NULL),
(305, 3, 9, 1, 'resolve_dices_victory', '¤skyµ ##monsters/to-left/regular/draccus.png££ a gagné 5#symbols/star.png£', NULL, NULL),
(306, 3, 11, 1, 'start_turn', 'Le tour de ¤indiµ ##monsters/to-right/regular/cybertooth.png££ a commencé.', NULL, NULL),
(307, 3, 11, 1, 'is_starting_in_city', '¤indiµ ##monsters/to-right/regular/cybertooth.png££ a commencé son tour dans Tokyo et gagné 2#symbols/star.png£', NULL, NULL),
(308, 3, 11, 1, 'throw_dices', '¤indiµ ##monsters/to-right/regular/cybertooth.png££ a obtenu #dices/black/dice_paw.png£#dices/black/dice_paw.png£#dices/black/dice_heart.png£#dices/black/dice_heart.png£#dices/black/dice_heart.png£#dices/black/dice_three.png£', NULL, NULL),
(309, 3, 11, 1, 'throw_dices', '¤indiµ ##monsters/to-right/regular/cybertooth.png££ a obtenu #dices/black/dice_paw_locked.png£#dices/black/dice_paw_locked.png£#dices/black/dice_paw.png£#dices/black/dice_paw.png£#dices/black/dice_paw.png£#dices/black/dice_flash.png£', NULL, NULL),
(310, 3, 11, 1, 'throw_dices', '¤indiµ ##monsters/to-right/regular/cybertooth.png££ a obtenu #dices/black/dice_paw_locked.png£#dices/black/dice_paw_locked.png£#dices/black/dice_paw_locked.png£#dices/black/dice_paw_locked.png£#dices/black/dice_paw_locked.png£#dices/black/dice_two.png£', NULL, NULL),
(311, 3, 11, 1, 'resolve_order_dices', '¤indiµ ##monsters/to-right/regular/cybertooth.png££ a choisi cet ordre de résolution: #dices/black/dice_two.png£ #dices/black/dice_paw.png£#dices/black/dice_paw.png£#dices/black/dice_paw.png£#dices/black/dice_paw.png£#dices/black/dice_paw.png£ ', NULL, NULL),
(316, 3, 11, 1, 'resolve_dices_victory', '¤indiµ ##monsters/to-right/regular/cybertooth.png££ a gagné 0#symbols/star.png£', NULL, NULL),
(317, 3, 11, 1, 'resolve_dices_paw', '¤indiµ ##monsters/to-right/regular/cybertooth.png££ a attaqué sky ##monsters/to-left/regular/draccus.png££ hors de Tokyo avec #dices/black/dice_paw.png£#dices/black/dice_paw.png£#dices/black/dice_paw.png£#dices/black/dice_paw.png£#dices/black/dice_paw.png£', NULL, NULL),
(318, 3, 11, 1, 'are_dead', '¤skyµ ##monsters/to-left/regular/draccus.png££ est #/symbols/dead.png£ !', 10, 'start_turn'),
(319, 3, 10, 1, 'start_turn', 'Le tour de ¤ninjaµ ##monsters/to-right/regular/kong.png££ a commencé.', NULL, NULL),
(320, 3, 10, 1, 'is_starting_in_city', '¤ninjaµ ##monsters/to-right/regular/kong.png££ a commencé son tour dans Tokyo et gagné 2#symbols/star.png£', NULL, NULL),
(321, 3, 10, 1, 'throw_dices', '¤ninjaµ ##monsters/to-right/regular/kong.png££ a obtenu #dices/black/dice_paw.png£#dices/black/dice_heart.png£#dices/black/dice_three.png£#dices/black/dice_one.png£#dices/black/dice_flash.png£#dices/black/dice_flash.png£', NULL, NULL),
(322, 3, 10, 1, 'resolve_order_dices', '¤ninjaµ ##monsters/to-right/regular/kong.png££ a choisi cet ordre de résolution: #dices/black/dice_paw.png£ #dices/black/dice_one.png£#dices/black/dice_three.png£ #dices/black/dice_heart.png£ #dices/black/dice_flash.png£#dices/black/dice_flash.png£ ', NULL, NULL),
(323, 3, 10, 1, 'resolve_dices_paw', '¤ninjaµ ##monsters/to-right/regular/kong.png££ a attaqué sky ##monsters/to-left/regular/draccus.png££ hors de Tokyo avec #dices/black/dice_paw.png£', NULL, NULL),
(324, 3, 10, 1, 'are_dead', '¤skyµ ##monsters/to-left/regular/draccus.png££ est #/symbols/dead.png£ !', 10, 'resolve_dices_victory'),
(325, 3, 10, 1, 'resolve_dices_victory', '¤ninjaµ ##monsters/to-right/regular/kong.png££ a gagné 0#symbols/star.png£', NULL, NULL),
(326, 3, 10, 1, 'resolve_dices_heart', '¤ninjaµ ##monsters/to-right/regular/kong.png££ a gagné 0#symbols/heart.png£', NULL, NULL),
(327, 3, 10, 1, 'resolve_dices_flash', '¤ninjaµ ##monsters/to-left/regular/kong.png££ a gagné 2#symbols/flash.png£', NULL, NULL),
(328, 3, 10, 1, 'out_of_tokyo_bay', '¤ninjaµ ##monsters/to-left/regular/kong.png££ est sorti de Tokyo Bay car il reste moins de 5 joueurs', NULL, NULL),
(329, 3, 11, 1, 'start_turn', 'Le tour de ¤indiµ ##monsters/to-right/regular/cybertooth.png££ a commencé.', NULL, NULL),
(330, 3, 11, 1, 'is_starting_in_city', '¤indiµ ##monsters/to-right/regular/cybertooth.png££ a commencé son tour dans Tokyo et gagné 2#symbols/star.png£', NULL, NULL),
(331, 3, 11, 1, 'throw_dices', '¤indiµ ##monsters/to-right/regular/cybertooth.png££ a obtenu #dices/black/dice_paw.png£#dices/black/dice_paw.png£#dices/black/dice_heart.png£#dices/black/dice_one.png£#dices/black/dice_one.png£#dices/black/dice_flash.png£', NULL, NULL),
(332, 3, 11, 1, 'throw_dices', '¤indiµ ##monsters/to-right/regular/cybertooth.png££ a obtenu #dices/black/dice_paw_locked.png£#dices/black/dice_paw_locked.png£#dices/black/dice_paw.png£#dices/black/dice_three.png£#dices/black/dice_two.png£#dices/black/dice_two.png£', NULL, NULL),
(333, 3, 11, 1, 'throw_dices', '¤indiµ ##monsters/to-right/regular/cybertooth.png££ a obtenu #dices/black/dice_paw_locked.png£#dices/black/dice_paw_locked.png£#dices/black/dice_paw_locked.png£#dices/black/dice_three.png£#dices/black/dice_three.png£#dices/black/dice_one.png£', NULL, NULL),
(334, 3, 11, 1, 'resolve_order_dices', '¤indiµ ##monsters/to-right/regular/cybertooth.png££ a choisi cet ordre de résolution: #dices/black/dice_paw.png£#dices/black/dice_paw.png£#dices/black/dice_paw.png£ #dices/black/dice_one.png£#dices/black/dice_three.png£#dices/black/dice_three.png£ ', NULL, NULL),
(335, 3, 11, 1, 'resolve_dices_paw', '¤indiµ ##monsters/to-right/regular/cybertooth.png££ a attaqué sky ##monsters/to-left/regular/draccus.png££, ninja ##monsters/to-left/regular/kong.png££ hors de Tokyo avec #dices/black/dice_paw.png£#dices/black/dice_paw.png£#dices/black/dice_paw.png£', NULL, NULL),
(336, 3, 11, 1, 'resolve_dices_victory', '¤indiµ ##monsters/to-right/regular/cybertooth.png££ a gagné 0#symbols/star.png£', NULL, NULL),
(337, 3, 10, 1, 'start_turn', 'Le tour de ¤ninjaµ ##monsters/to-left/regular/kong.png££ a commencé.', NULL, NULL),
(338, 3, 10, 1, 'is_starting_in_city', '¤ninjaµ ##monsters/to-left/regular/kong.png££ a commencé son tour hors de Tokyo et n\'a pas gagné de #symbols/star.png£', NULL, NULL),
(339, 3, 10, 1, 'throw_dices', '¤ninjaµ ##monsters/to-left/regular/kong.png££ a obtenu #dices/black/dice_paw.png£#dices/black/dice_paw.png£#dices/black/dice_two.png£#dices/black/dice_one.png£#dices/black/dice_one.png£#dices/black/dice_flash.png£', NULL, NULL),
(340, 3, 10, 1, 'throw_dices', '¤ninjaµ ##monsters/to-left/regular/kong.png££ a obtenu #dices/black/dice_paw_locked.png£#dices/black/dice_paw_locked.png£#dices/black/dice_paw.png£#dices/black/dice_heart.png£#dices/black/dice_three.png£#dices/black/dice_three.png£', NULL, NULL),
(341, 3, 10, 1, 'throw_dices', '¤ninjaµ ##monsters/to-left/regular/kong.png££ a obtenu #dices/black/dice_paw_locked.png£#dices/black/dice_paw_locked.png£#dices/black/dice_paw_locked.png£#dices/black/dice_three.png£#dices/black/dice_one.png£#dices/black/dice_one.png£', NULL, NULL),
(342, 3, 10, 1, 'resolve_order_dices', '¤ninjaµ ##monsters/to-left/regular/kong.png££ a choisi cet ordre de résolution: #dices/black/dice_one.png£#dices/black/dice_one.png£#dices/black/dice_three.png£ #dices/black/dice_paw.png£#dices/black/dice_paw.png£#dices/black/dice_paw.png£ ', NULL, NULL),
(343, 3, 10, 1, 'resolve_dices_victory', '¤ninjaµ ##monsters/to-left/regular/kong.png££ a gagné 0#symbols/star.png£', NULL, NULL),
(344, 3, 10, 1, 'resolve_dices_paw', '¤ninjaµ ##monsters/to-left/regular/kong.png££ a attaqué indi ##monsters/to-right/regular/cybertooth.png££ dans Tokyo avec #dices/black/dice_paw.png£#dices/black/dice_paw.png£#dices/black/dice_paw.png£', NULL, NULL),
(345, 3, 11, 1, 'ask_to_leave_tokyo', '¤indiµ ##monsters/to-right/regular/cybertooth.png££ est resté dans Tokyo', NULL, NULL),
(346, 3, 11, 1, 'start_turn', 'Le tour de ¤indiµ ##monsters/to-right/regular/cybertooth.png££ a commencé.', NULL, NULL),
(347, 3, 11, 1, 'is_starting_in_city', '¤indiµ ##monsters/to-right/regular/cybertooth.png££ a commencé son tour dans Tokyo et gagné 2#symbols/star.png£', NULL, NULL),
(348, 3, 11, 1, 'throw_dices', '¤indiµ ##monsters/to-right/regular/cybertooth.png££ a obtenu #dices/black/dice_paw.png£#dices/black/dice_three.png£#dices/black/dice_three.png£#dices/black/dice_two.png£#dices/black/dice_one.png£#dices/black/dice_flash.png£', NULL, NULL),
(349, 3, 11, 1, 'throw_dices', '¤indiµ ##monsters/to-right/regular/cybertooth.png££ a obtenu #dices/black/dice_paw_locked.png£#dices/black/dice_paw.png£#dices/black/dice_three.png£#dices/black/dice_two.png£#dices/black/dice_two.png£#dices/black/dice_one.png£', NULL, NULL),
(350, 3, 11, 1, 'throw_dices', '¤indiµ ##monsters/to-right/regular/cybertooth.png££ a obtenu #dices/black/dice_paw_locked.png£#dices/black/dice_paw_locked.png£#dices/black/dice_paw.png£#dices/black/dice_paw.png£#dices/black/dice_two.png£#dices/black/dice_two.png£', NULL, NULL),
(351, 3, 11, 1, 'resolve_order_dices', '¤indiµ ##monsters/to-right/regular/cybertooth.png££ a choisi cet ordre de résolution: #dices/black/dice_paw.png£#dices/black/dice_paw.png£#dices/black/dice_paw.png£#dices/black/dice_paw.png£ #dices/black/dice_two.png£#dices/black/dice_two.png£ ', NULL, NULL),
(352, 3, 11, 1, 'resolve_dices_paw', '¤indiµ ##monsters/to-right/regular/cybertooth.png££ a attaqué sky ##monsters/to-left/regular/draccus.png££, ninja ##monsters/to-left/regular/kong.png££ hors de Tokyo avec #dices/black/dice_paw.png£#dices/black/dice_paw.png£#dices/black/dice_paw.png£#dices/black/dice_paw.png£', NULL, NULL),
(353, 3, 11, 1, 'resolve_dices_victory', '¤indiµ ##monsters/to-right/regular/cybertooth.png££ a gagné 0#symbols/star.png£', NULL, NULL),
(354, 3, 10, 1, 'start_turn', 'Le tour de ¤ninjaµ ##monsters/to-left/regular/kong.png££ a commencé.', NULL, NULL),
(355, 3, 10, 1, 'is_starting_in_city', '¤ninjaµ ##monsters/to-left/regular/kong.png££ a commencé son tour hors de Tokyo et n\'a pas gagné de #symbols/star.png£', NULL, NULL),
(356, 3, 10, 1, 'throw_dices', '¤ninjaµ ##monsters/to-left/regular/kong.png££ a obtenu #dices/black/dice_heart.png£#dices/black/dice_three.png£#dices/black/dice_two.png£#dices/black/dice_one.png£#dices/black/dice_one.png£#dices/black/dice_flash.png£', NULL, NULL),
(357, 3, 10, 1, 'throw_dices', '¤ninjaµ ##monsters/to-left/regular/kong.png££ a obtenu #dices/black/dice_paw.png£#dices/black/dice_paw.png£#dices/black/dice_three.png£#dices/black/dice_three.png£#dices/black/dice_two.png£#dices/black/dice_two.png£', NULL, NULL),
(358, 3, 10, 1, 'throw_dices', '¤ninjaµ ##monsters/to-left/regular/kong.png££ a obtenu #dices/black/dice_paw_locked.png£#dices/black/dice_paw_locked.png£#dices/black/dice_paw.png£#dices/black/dice_heart.png£#dices/black/dice_three.png£#dices/black/dice_one.png£', NULL, NULL),
(359, 3, 10, 1, 'resolve_order_dices', '¤ninjaµ ##monsters/to-left/regular/kong.png££ a choisi cet ordre de résolution: #dices/black/dice_one.png£#dices/black/dice_three.png£ #dices/black/dice_heart.png£ #dices/black/dice_paw.png£#dices/black/dice_paw.png£#dices/black/dice_paw.png£ ', NULL, NULL),
(360, 3, 10, 1, 'resolve_dices_victory', '¤ninjaµ ##monsters/to-left/regular/kong.png££ a gagné 0#symbols/star.png£', NULL, NULL),
(361, 3, 10, 1, 'resolve_dices_heart', '¤ninjaµ ##monsters/to-left/regular/kong.png££ a gagné 1#symbols/heart.png£', NULL, NULL),
(362, 3, 10, 1, 'resolve_dices_paw', '¤ninjaµ ##monsters/to-left/regular/kong.png££ a attaqué indi ##monsters/to-right/regular/cybertooth.png££ dans Tokyo avec #dices/black/dice_paw.png£#dices/black/dice_paw.png£#dices/black/dice_paw.png£', NULL, NULL),
(363, 3, 11, 1, 'ask_to_leave_tokyo', '¤indiµ ##monsters/to-right/regular/cybertooth.png££ est resté dans Tokyo', NULL, NULL),
(364, 3, 11, 1, 'start_turn', 'Le tour de ¤indiµ ##monsters/to-right/regular/cybertooth.png££ a commencé.', NULL, NULL),
(365, 3, 11, 1, 'is_starting_in_city', '¤indiµ ##monsters/to-right/regular/cybertooth.png££ a commencé son tour dans Tokyo et gagné 2#symbols/star.png£', NULL, NULL),
(366, 3, 11, 1, 'throw_dices', '¤indiµ ##monsters/to-right/regular/cybertooth.png££ a obtenu #dices/black/dice_paw.png£#dices/black/dice_paw.png£#dices/black/dice_two.png£#dices/black/dice_flash.png£#dices/black/dice_flash.png£#dices/black/dice_flash.png£', NULL, NULL),
(367, 3, 11, 1, 'throw_dices', '¤indiµ ##monsters/to-right/regular/cybertooth.png££ a obtenu #dices/black/dice_paw_locked.png£#dices/black/dice_paw_locked.png£#dices/black/dice_paw.png£#dices/black/dice_paw.png£#dices/black/dice_two.png£#dices/black/dice_flash.png£', NULL, NULL),
(368, 3, 11, 1, 'throw_dices', '¤indiµ ##monsters/to-right/regular/cybertooth.png££ a obtenu #dices/black/dice_paw_locked.png£#dices/black/dice_paw_locked.png£#dices/black/dice_paw_locked.png£#dices/black/dice_paw_locked.png£#dices/black/dice_paw.png£#dices/black/dice_heart.png£', NULL, NULL),
(369, 3, 11, 1, 'resolve_order_dices', '¤indiµ ##monsters/to-right/regular/cybertooth.png££ a choisi cet ordre de résolution: #dices/black/dice_paw.png£#dices/black/dice_paw.png£#dices/black/dice_paw.png£#dices/black/dice_paw.png£#dices/black/dice_paw.png£ #dices/black/dice_heart.png£ ', NULL, NULL),
(370, 3, 11, 1, 'resolve_dices_paw', '¤indiµ ##monsters/to-right/regular/cybertooth.png££ a attaqué sky ##monsters/to-left/regular/draccus.png££, ninja ##monsters/to-left/regular/kong.png££ hors de Tokyo avec #dices/black/dice_paw.png£#dices/black/dice_paw.png£#dices/black/dice_paw.png£#dices/black/dice_paw.png£#dices/black/dice_paw.png£', NULL, NULL),
(371, 3, 11, 1, 'are_dead', '¤ninjaµ ##monsters/to-left/regular/kong.png££ est #/symbols/dead.png£ !', 11, 'resolve_dices_heart'),
(372, 3, 11, 0, 'has_won_by_killing', NULL, NULL, NULL),
(373, 9, 17, 1, 'start_turn', 'Le tour de ¤skyµ ##monsters/to-left/regular/cyber-bunny.png££ a commencé.', NULL, NULL),
(374, 9, 17, 1, 'is_starting_in_city', '¤skyµ ##monsters/to-left/regular/cyber-bunny.png££ a commencé son tour hors de Tokyo et n\'a pas gagné de #symbols/star.png£', NULL, NULL),
(375, 9, 17, 1, 'throw_dices', '¤skyµ ##monsters/to-left/regular/cyber-bunny.png££ a obtenu #dices/black/dice_paw.png£#dices/black/dice_heart.png£#dices/black/dice_three.png£#dices/black/dice_two.png£#dices/black/dice_two.png£#dices/black/dice_one.png£', NULL, NULL),
(376, 9, 17, 1, 'throw_dices', '¤skyµ ##monsters/to-left/regular/cyber-bunny.png££ a obtenu #dices/black/dice_paw.png£#dices/black/dice_heart.png£#dices/black/dice_three.png£#dices/black/dice_two_locked.png£#dices/black/dice_two_locked.png£#dices/black/dice_one.png£', NULL, NULL),
(377, 9, 17, 1, 'throw_dices', '¤skyµ ##monsters/to-left/regular/cyber-bunny.png££ a obtenu #dices/black/dice_paw.png£#dices/black/dice_heart.png£#dices/black/dice_two_locked.png£#dices/black/dice_two_locked.png£#dices/black/dice_one.png£#dices/black/dice_flash.png£', NULL, NULL),
(378, 9, 17, 1, 'resolve_order_dices', '¤skyµ ##monsters/to-left/regular/cyber-bunny.png££ a choisi cet ordre de résolution: #dices/black/dice_one.png£#dices/black/dice_two.png£#dices/black/dice_two.png£ #dices/black/dice_heart.png£ #dices/black/dice_paw.png£ #dices/black/dice_flash.png£ ', NULL, NULL),
(379, 9, 17, 1, 'resolve_dices_victory', '¤skyµ ##monsters/to-left/regular/cyber-bunny.png££ a gagné 0#symbols/star.png£', NULL, NULL),
(380, 9, 17, 1, 'resolve_dices_heart', '¤skyµ ##monsters/to-left/regular/cyber-bunny.png££ a gagné 1#symbols/heart.png£', NULL, NULL),
(381, 9, 17, 1, 'resolve_dices_paw', '¤skyµ ##monsters/to-left/regular/cyber-bunny.png££ a attaqué  dans Tokyo avec #dices/black/dice_paw.png£', NULL, NULL),
(382, 9, 17, 1, 'resolve_dices_flash', '¤skyµ ##monsters/to-right/regular/cyber-bunny.png££ a gagné 1#symbols/flash.png£', NULL, NULL),
(383, 9, 17, 1, 'enter_tokyo_city', '¤skyµ ##monsters/to-right/regular/cyber-bunny.png££ est entré dans Tokyo City', NULL, NULL),
(384, 9, 19, 1, 'start_turn', 'Le tour de ¤indiµ ##monsters/to-left/regular/orange-death.png££ a commencé.', NULL, NULL),
(385, 9, 19, 1, 'is_starting_in_city', '¤indiµ ##monsters/to-left/regular/orange-death.png££ a commencé son tour hors de Tokyo et n\'a pas gagné de #symbols/star.png£', NULL, NULL),
(386, 9, 19, 1, 'throw_dices', '¤indiµ ##monsters/to-left/regular/orange-death.png££ a obtenu #dices/black/dice_heart.png£#dices/black/dice_two.png£#dices/black/dice_one.png£#dices/black/dice_one.png£#dices/black/dice_one.png£#dices/black/dice_flash.png£', NULL, NULL),
(387, 9, 19, 1, 'throw_dices', '¤indiµ ##monsters/to-left/regular/orange-death.png££ a obtenu #dices/black/dice_heart.png£#dices/black/dice_heart.png£#dices/black/dice_three.png£#dices/black/dice_two.png£#dices/black/dice_two.png£#dices/black/dice_flash.png£', NULL, NULL),
(388, 9, 19, 1, 'throw_dices', '¤indiµ ##monsters/to-left/regular/orange-death.png££ a obtenu #dices/black/dice_heart.png£#dices/black/dice_two.png£#dices/black/dice_two.png£#dices/black/dice_one.png£#dices/black/dice_one.png£#dices/black/dice_flash.png£', NULL, NULL),
(389, 9, 19, 1, 'resolve_order_dices', '¤indiµ ##monsters/to-left/regular/orange-death.png££ a choisi cet ordre de résolution: #dices/black/dice_one.png£#dices/black/dice_one.png£#dices/black/dice_two.png£#dices/black/dice_two.png£ #dices/black/dice_heart.png£ #dices/black/dice_flash.png£ ', NULL, NULL),
(390, 9, 19, 1, 'resolve_dices_victory', '¤indiµ ##monsters/to-left/regular/orange-death.png££ a gagné 0#symbols/star.png£', NULL, NULL),
(391, 9, 19, 1, 'resolve_dices_heart', '¤indiµ ##monsters/to-left/regular/orange-death.png££ a gagné 1#symbols/heart.png£', NULL, NULL),
(392, 9, 19, 1, 'resolve_dices_flash', '¤indiµ ##monsters/to-right/regular/orange-death.png££ a gagné 1#symbols/flash.png£', NULL, NULL),
(393, 9, 19, 1, 'enter_tokyo_bay', '¤indiµ ##monsters/to-right/regular/orange-death.png££ est entré dans Tokyo Bay', NULL, NULL),
(394, 9, 18, 1, 'start_turn', 'Le tour de ¤ninjaµ ##monsters/to-left/regular/rozy-pony.png££ a commencé.', NULL, NULL),
(395, 9, 18, 1, 'is_starting_in_city', '¤ninjaµ ##monsters/to-left/regular/rozy-pony.png££ a commencé son tour hors de Tokyo et n\'a pas gagné de #symbols/star.png£', NULL, NULL),
(396, 9, 18, 1, 'throw_dices', '¤ninjaµ ##monsters/to-left/regular/rozy-pony.png££ a obtenu #dices/black/dice_paw.png£#dices/black/dice_paw.png£#dices/black/dice_paw.png£#dices/black/dice_three.png£#dices/black/dice_one.png£#dices/black/dice_flash.png£', NULL, NULL),
(397, 9, 18, 1, 'throw_dices', '¤ninjaµ ##monsters/to-left/regular/rozy-pony.png££ a obtenu #dices/black/dice_paw_locked.png£#dices/black/dice_paw_locked.png£#dices/black/dice_paw_locked.png£#dices/black/dice_three.png£#dices/black/dice_three.png£#dices/black/dice_flash.png£', NULL, NULL),
(398, 9, 18, 1, 'throw_dices', '¤ninjaµ ##monsters/to-left/regular/rozy-pony.png££ a obtenu #dices/black/dice_paw_locked.png£#dices/black/dice_paw_locked.png£#dices/black/dice_paw_locked.png£#dices/black/dice_two.png£#dices/black/dice_one.png£#dices/black/dice_flash.png£', NULL, NULL),
(399, 9, 18, 1, 'resolve_order_dices', '¤ninjaµ ##monsters/to-left/regular/rozy-pony.png££ a choisi cet ordre de résolution: #dices/black/dice_one.png£#dices/black/dice_two.png£ #dices/black/dice_paw.png£#dices/black/dice_paw.png£#dices/black/dice_paw.png£ #dices/black/dice_flash.png£ ', NULL, NULL),
(400, 9, 18, 1, 'resolve_dices_victory', '¤ninjaµ ##monsters/to-left/regular/rozy-pony.png££ a gagné 0#symbols/star.png£', NULL, NULL),
(401, 9, 18, 1, 'resolve_dices_paw', '¤ninjaµ ##monsters/to-left/regular/rozy-pony.png££ a attaqué sky ##monsters/to-right/regular/cyber-bunny.png££, indi ##monsters/to-right/regular/orange-death.png££ dans Tokyo avec #dices/black/dice_paw.png£#dices/black/dice_paw.png£#dices/black/dice_paw.png£', NULL, NULL),
(402, 9, 17, 1, 'ask_to_leave_tokyo', '¤skyµ ##monsters/to-left/regular/cyber-bunny.png££ a fui Tokyo', NULL, NULL),
(403, 9, 19, 1, 'ask_to_leave_tokyo', '¤indiµ ##monsters/to-right/regular/orange-death.png££ est resté dans Tokyo', NULL, NULL),
(404, 9, 18, 1, 'resolve_dices_flash', '¤ninjaµ ##monsters/to-right/regular/rozy-pony.png££ a gagné 1#symbols/flash.png£', NULL, NULL),
(405, 9, 18, 1, 'enter_tokyo_city', '¤ninjaµ ##monsters/to-right/regular/rozy-pony.png££ est entré dans Tokyo City', NULL, NULL),
(406, 9, 17, 1, 'start_turn', 'Le tour de ¤skyµ ##monsters/to-left/regular/cyber-bunny.png££ a commencé.', NULL, NULL),
(407, 9, 17, 1, 'is_starting_in_city', '¤skyµ ##monsters/to-left/regular/cyber-bunny.png££ a commencé son tour hors de Tokyo et n\'a pas gagné de #symbols/star.png£', NULL, NULL),
(408, 9, 17, 1, 'throw_dices', '¤skyµ ##monsters/to-left/regular/cyber-bunny.png££ a obtenu #dices/black/dice_paw.png£#dices/black/dice_paw.png£#dices/black/dice_heart.png£#dices/black/dice_one.png£#dices/black/dice_flash.png£#dices/black/dice_flash.png£', NULL, NULL),
(409, 9, 17, 1, 'throw_dices', '¤skyµ ##monsters/to-left/regular/cyber-bunny.png££ a obtenu #dices/black/dice_paw_locked.png£#dices/black/dice_paw_locked.png£#dices/black/dice_heart.png£#dices/black/dice_three.png£#dices/black/dice_flash.png£#dices/black/dice_flash.png£', NULL, NULL),
(410, 9, 17, 1, 'throw_dices', '¤skyµ ##monsters/to-left/regular/cyber-bunny.png££ a obtenu #dices/black/dice_paw_locked.png£#dices/black/dice_paw_locked.png£#dices/black/dice_paw.png£#dices/black/dice_heart_locked.png£#dices/black/dice_three.png£#dices/black/dice_one.png£', NULL, NULL),
(411, 9, 17, 1, 'resolve_order_dices', '¤skyµ ##monsters/to-left/regular/cyber-bunny.png££ a choisi cet ordre de résolution: #dices/black/dice_paw.png£#dices/black/dice_paw.png£#dices/black/dice_paw.png£ #dices/black/dice_one.png£#dices/black/dice_three.png£ #dices/black/dice_heart.png£ ', NULL, NULL),
(412, 9, 17, 1, 'resolve_dices_paw', '¤skyµ ##monsters/to-left/regular/cyber-bunny.png££ a attaqué ninja ##monsters/to-right/regular/rozy-pony.png££, indi ##monsters/to-right/regular/orange-death.png££ dans Tokyo avec #dices/black/dice_paw.png£#dices/black/dice_paw.png£#dices/black/dice_paw.png£', NULL, NULL),
(413, 9, 18, 1, 'ask_to_leave_tokyo', '¤ninjaµ ##monsters/to-right/regular/rozy-pony.png££ est resté dans Tokyo', NULL, NULL),
(414, 9, 19, 1, 'ask_to_leave_tokyo', '¤indiµ ##monsters/to-right/regular/orange-death.png££ est resté dans Tokyo', NULL, NULL),
(415, 9, 17, 1, 'resolve_dices_victory', '¤skyµ ##monsters/to-left/regular/cyber-bunny.png££ a gagné 0#symbols/star.png£', NULL, NULL),
(416, 9, 17, 1, 'resolve_dices_heart', '¤skyµ ##monsters/to-left/regular/cyber-bunny.png££ a gagné 1#symbols/heart.png£', NULL, NULL),
(417, 9, 19, 1, 'start_turn', 'Le tour de ¤indiµ ##monsters/to-right/regular/orange-death.png££ a commencé.', NULL, NULL),
(418, 9, 19, 1, 'is_starting_in_city', '¤indiµ ##monsters/to-right/regular/orange-death.png££ a commencé son tour dans Tokyo et gagné 2#symbols/star.png£', NULL, NULL),
(419, 9, 19, 1, 'throw_dices', '¤indiµ ##monsters/to-right/regular/orange-death.png££ a obtenu #dices/black/dice_three.png£#dices/black/dice_two.png£#dices/black/dice_one.png£#dices/black/dice_one.png£#dices/black/dice_one.png£#dices/black/dice_flash.png£', NULL, NULL),
(420, 9, 19, 1, 'resolve_order_dices', '¤indiµ ##monsters/to-right/regular/orange-death.png££ a choisi cet ordre de résolution: #dices/black/dice_one.png£#dices/black/dice_one.png£#dices/black/dice_one.png£#dices/black/dice_two.png£#dices/black/dice_three.png£ #dices/black/dice_flash.png£ ', NULL, NULL),
(421, 9, 19, 1, 'resolve_dices_victory', '¤indiµ ##monsters/to-right/regular/orange-death.png££ a gagné 1#symbols/star.png£', NULL, NULL),
(422, 9, 19, 1, 'resolve_dices_flash', '¤indiµ ##monsters/to-right/regular/orange-death.png££ a gagné 1#symbols/flash.png£', NULL, NULL),
(423, 9, 18, 1, 'start_turn', 'Le tour de ¤ninjaµ ##monsters/to-right/regular/rozy-pony.png££ a commencé.', NULL, NULL),
(424, 9, 18, 1, 'is_starting_in_city', '¤ninjaµ ##monsters/to-right/regular/rozy-pony.png££ a commencé son tour dans Tokyo et gagné 2#symbols/star.png£', NULL, NULL),
(425, 9, 18, 1, 'throw_dices', '¤ninjaµ ##monsters/to-right/regular/rozy-pony.png££ a obtenu #dices/black/dice_paw.png£#dices/black/dice_heart.png£#dices/black/dice_three.png£#dices/black/dice_two.png£#dices/black/dice_one.png£#dices/black/dice_flash.png£', NULL, NULL),
(426, 9, 18, 1, 'resolve_order_dices', '¤ninjaµ ##monsters/to-right/regular/rozy-pony.png££ a choisi cet ordre de résolution: #dices/black/dice_one.png£#dices/black/dice_two.png£#dices/black/dice_three.png£ #dices/black/dice_heart.png£ #dices/black/dice_paw.png£ #dices/black/dice_flash.png£ ', NULL, NULL),
(427, 9, 18, 1, 'resolve_dices_victory', '¤ninjaµ ##monsters/to-right/regular/rozy-pony.png££ a gagné 0#symbols/star.png£', NULL, NULL),
(428, 9, 18, 1, 'resolve_dices_heart', '¤ninjaµ ##monsters/to-right/regular/rozy-pony.png££ a gagné 0#symbols/heart.png£', NULL, NULL),
(429, 9, 18, 1, 'resolve_dices_paw', '¤ninjaµ ##monsters/to-right/regular/rozy-pony.png££ a attaqué sky ##monsters/to-left/regular/cyber-bunny.png££ hors de Tokyo avec #dices/black/dice_paw.png£', NULL, NULL),
(430, 9, 18, 1, 'resolve_dices_flash', '¤ninjaµ ##monsters/to-right/regular/rozy-pony.png££ a gagné 1#symbols/flash.png£', NULL, NULL),
(431, 9, 17, 1, 'start_turn', 'Le tour de ¤skyµ ##monsters/to-left/regular/cyber-bunny.png££ a commencé.', NULL, NULL),
(432, 9, 17, 1, 'is_starting_in_city', '¤skyµ ##monsters/to-left/regular/cyber-bunny.png££ a commencé son tour hors de Tokyo et n\'a pas gagné de #symbols/star.png£', NULL, NULL),
(433, 9, 17, 1, 'throw_dices', '¤skyµ ##monsters/to-left/regular/cyber-bunny.png££ a obtenu #dices/black/dice_paw.png£#dices/black/dice_heart.png£#dices/black/dice_three.png£#dices/black/dice_two.png£#dices/black/dice_flash.png£#dices/black/dice_flash.png£', NULL, NULL),
(434, 9, 17, 1, 'throw_dices', '¤skyµ ##monsters/to-left/regular/cyber-bunny.png££ a obtenu #dices/black/dice_paw_locked.png£#dices/black/dice_heart.png£#dices/black/dice_three.png£#dices/black/dice_two.png£#dices/black/dice_two.png£#dices/black/dice_two.png£', NULL, NULL),
(435, 9, 17, 1, 'throw_dices', '¤skyµ ##monsters/to-left/regular/cyber-bunny.png££ a obtenu #dices/black/dice_paw_locked.png£#dices/black/dice_heart.png£#dices/black/dice_three.png£#dices/black/dice_two.png£#dices/black/dice_flash.png£#dices/black/dice_flash.png£', NULL, NULL),
(436, 9, 17, 1, 'resolve_order_dices', '¤skyµ ##monsters/to-left/regular/cyber-bunny.png££ a choisi cet ordre de résolution: #dices/black/dice_two.png£#dices/black/dice_three.png£ #dices/black/dice_heart.png£ #dices/black/dice_paw.png£ #dices/black/dice_flash.png£#dices/black/dice_flash.png£ ', NULL, NULL),
(437, 9, 17, 1, 'resolve_dices_victory', '¤skyµ ##monsters/to-left/regular/cyber-bunny.png££ a gagné 0#symbols/star.png£', NULL, NULL),
(438, 9, 17, 1, 'resolve_dices_heart', '¤skyµ ##monsters/to-left/regular/cyber-bunny.png££ a gagné 1#symbols/heart.png£', NULL, NULL),
(439, 9, 17, 1, 'resolve_dices_paw', '¤skyµ ##monsters/to-left/regular/cyber-bunny.png££ a attaqué ninja ##monsters/to-right/regular/rozy-pony.png££, indi ##monsters/to-right/regular/orange-death.png££ dans Tokyo avec #dices/black/dice_paw.png£', NULL, NULL),
(440, 9, 18, 1, 'ask_to_leave_tokyo', '¤ninjaµ ##monsters/to-left/regular/rozy-pony.png££ a fui Tokyo', NULL, NULL),
(441, 9, 19, 1, 'ask_to_leave_tokyo', '¤indiµ ##monsters/to-right/regular/orange-death.png££ est resté dans Tokyo', NULL, NULL),
(442, 9, 17, 1, 'resolve_dices_flash', '¤skyµ ##monsters/to-right/regular/cyber-bunny.png££ a gagné 2#symbols/flash.png£', NULL, NULL),
(443, 9, 17, 1, 'enter_tokyo_city', '¤skyµ ##monsters/to-right/regular/cyber-bunny.png££ est entré dans Tokyo City', NULL, NULL),
(444, 9, 19, 1, 'start_turn', 'Le tour de ¤indiµ ##monsters/to-right/regular/orange-death.png££ a commencé.', NULL, NULL),
(445, 9, 19, 1, 'is_starting_in_city', '¤indiµ ##monsters/to-right/regular/orange-death.png££ a commencé son tour dans Tokyo et gagné 2#symbols/star.png£', NULL, NULL),
(446, 9, 19, 1, 'throw_dices', '¤indiµ ##monsters/to-right/regular/orange-death.png££ a obtenu #dices/black/dice_paw.png£#dices/black/dice_two.png£#dices/black/dice_two.png£#dices/black/dice_two.png£#dices/black/dice_one.png£#dices/black/dice_one.png£', NULL, NULL),
(447, 9, 19, 1, 'throw_dices', '¤indiµ ##monsters/to-right/regular/orange-death.png££ a obtenu #dices/black/dice_paw_locked.png£#dices/black/dice_paw.png£#dices/black/dice_heart.png£#dices/black/dice_heart.png£#dices/black/dice_heart.png£#dices/black/dice_two.png£', NULL, NULL),
(448, 9, 19, 1, 'throw_dices', '¤indiµ ##monsters/to-right/regular/orange-death.png££ a obtenu #dices/black/dice_paw_locked.png£#dices/black/dice_paw_locked.png£#dices/black/dice_two.png£#dices/black/dice_two.png£#dices/black/dice_one.png£#dices/black/dice_flash.png£', NULL, NULL),
(449, 9, 19, 1, 'resolve_order_dices', '¤indiµ ##monsters/to-right/regular/orange-death.png££ a choisi cet ordre de résolution: #dices/black/dice_paw.png£#dices/black/dice_paw.png£ #dices/black/dice_flash.png£ #dices/black/dice_one.png£#dices/black/dice_two.png£#dices/black/dice_two.png£ ', NULL, NULL),
(450, 9, 19, 1, 'resolve_dices_paw', '¤indiµ ##monsters/to-right/regular/orange-death.png££ a attaqué ninja ##monsters/to-left/regular/rozy-pony.png££ hors de Tokyo avec #dices/black/dice_paw.png£#dices/black/dice_paw.png£', NULL, NULL),
(451, 9, 19, 1, 'resolve_dices_flash', '¤indiµ ##monsters/to-right/regular/orange-death.png££ a gagné 1#symbols/flash.png£', NULL, NULL),
(452, 9, 19, 1, 'resolve_dices_victory', '¤indiµ ##monsters/to-right/regular/orange-death.png££ a gagné 0#symbols/star.png£', NULL, NULL),
(453, 9, 18, 1, 'start_turn', 'Le tour de ¤ninjaµ ##monsters/to-left/regular/rozy-pony.png££ a commencé.', NULL, NULL),
(454, 9, 18, 1, 'is_starting_in_city', '¤ninjaµ ##monsters/to-left/regular/rozy-pony.png££ a commencé son tour hors de Tokyo et n\'a pas gagné de #symbols/star.png£', NULL, NULL),
(455, 9, 18, 1, 'throw_dices', '¤ninjaµ ##monsters/to-left/regular/rozy-pony.png££ a obtenu #dices/black/dice_paw.png£#dices/black/dice_paw.png£#dices/black/dice_three.png£#dices/black/dice_three.png£#dices/black/dice_two.png£#dices/black/dice_flash.png£', NULL, NULL),
(456, 9, 18, 1, 'throw_dices', '¤ninjaµ ##monsters/to-left/regular/rozy-pony.png££ a obtenu #dices/black/dice_heart.png£#dices/black/dice_three_locked.png£#dices/black/dice_three_locked.png£#dices/black/dice_two_locked.png£#dices/black/dice_flash_locked.png£#dices/black/dice_flash.png£', NULL, NULL),
(457, 9, 18, 1, 'resolve_order_dices', '¤ninjaµ ##monsters/to-left/regular/rozy-pony.png££ a choisi cet ordre de résolution: #dices/black/dice_two.png£#dices/black/dice_three.png£#dices/black/dice_three.png£ #dices/black/dice_heart.png£ #dices/black/dice_flash.png£#dices/black/dice_flash.png£ ', NULL, NULL),
(458, 9, 18, 1, 'resolve_dices_victory', '¤ninjaµ ##monsters/to-left/regular/rozy-pony.png££ a gagné 0#symbols/star.png£', NULL, NULL),
(459, 9, 18, 1, 'resolve_dices_heart', '¤ninjaµ ##monsters/to-left/regular/rozy-pony.png££ a gagné 1#symbols/heart.png£', NULL, NULL),
(460, 9, 18, 1, 'resolve_dices_flash', '¤ninjaµ ##monsters/to-left/regular/rozy-pony.png££ a gagné 2#symbols/flash.png£', NULL, NULL),
(461, 9, 17, 1, 'start_turn', 'Le tour de ¤skyµ ##monsters/to-right/regular/cyber-bunny.png££ a commencé.', NULL, NULL),
(462, 9, 17, 1, 'is_starting_in_city', '¤skyµ ##monsters/to-right/regular/cyber-bunny.png££ a commencé son tour dans Tokyo et gagné 2#symbols/star.png£', NULL, NULL),
(463, 9, 17, 1, 'throw_dices', '¤skyµ ##monsters/to-right/regular/cyber-bunny.png££ a obtenu #dices/black/dice_paw.png£#dices/black/dice_two.png£#dices/black/dice_flash.png£#dices/black/dice_flash.png£#dices/black/dice_flash.png£#dices/black/dice_flash.png£', NULL, NULL),
(464, 9, 17, 1, 'throw_dices', '¤skyµ ##monsters/to-right/regular/cyber-bunny.png££ a obtenu #dices/black/dice_paw_locked.png£#dices/black/dice_paw.png£#dices/black/dice_paw.png£#dices/black/dice_heart.png£#dices/black/dice_two.png£#dices/black/dice_two.png£', NULL, NULL),
(465, 9, 17, 1, 'throw_dices', '¤skyµ ##monsters/to-right/regular/cyber-bunny.png££ a obtenu #dices/black/dice_paw_locked.png£#dices/black/dice_paw_locked.png£#dices/black/dice_paw_locked.png£#dices/black/dice_two.png£#dices/black/dice_flash.png£#dices/black/dice_flash.png£', NULL, NULL),
(466, 9, 17, 1, 'resolve_order_dices', '¤skyµ ##monsters/to-right/regular/cyber-bunny.png££ a choisi cet ordre de résolution: #dices/black/dice_flash.png£#dices/black/dice_flash.png£ #dices/black/dice_paw.png£#dices/black/dice_paw.png£#dices/black/dice_paw.png£ #dices/black/dice_two.png£ ', NULL, NULL),
(467, 9, 17, 1, 'resolve_dices_flash', '¤skyµ ##monsters/to-right/regular/cyber-bunny.png££ a gagné 2#symbols/flash.png£', NULL, NULL),
(468, 9, 17, 1, 'resolve_dices_paw', '¤skyµ ##monsters/to-right/regular/cyber-bunny.png££ a attaqué ninja ##monsters/to-left/regular/rozy-pony.png££ hors de Tokyo avec #dices/black/dice_paw.png£#dices/black/dice_paw.png£#dices/black/dice_paw.png£', NULL, NULL),
(469, 9, 17, 1, 'resolve_dices_victory', '¤skyµ ##monsters/to-right/regular/cyber-bunny.png££ a gagné 0#symbols/star.png£', NULL, NULL),
(470, 9, 19, 1, 'start_turn', 'Le tour de ¤indiµ ##monsters/to-right/regular/orange-death.png££ a commencé.', NULL, NULL),
(471, 9, 19, 1, 'is_starting_in_city', '¤indiµ ##monsters/to-right/regular/orange-death.png££ a commencé son tour dans Tokyo et gagné 2#symbols/star.png£', NULL, NULL),
(491, 9, 17, 1, 'throw_dices', '¤skyµ ##monsters/to-right/regular/cyber-bunny.png££ a obtenu #dices/black/dice_paw.png£#dices/black/dice_heart.png£#dices/black/dice_three.png£#dices/black/dice_one.png£#dices/black/dice_one.png£#dices/black/dice_flash.png£', NULL, NULL),
(492, 9, 17, 1, 'throw_dices', '¤skyµ ##monsters/to-right/regular/cyber-bunny.png££ a obtenu #dices/black/dice_paw_locked.png£#dices/black/dice_paw.png£#dices/black/dice_one.png£#dices/black/dice_one.png£#dices/black/dice_one.png£#dices/black/dice_flash.png£', NULL, NULL),
(493, 9, 17, 1, 'throw_dices', '¤skyµ ##monsters/to-right/regular/cyber-bunny.png££ a obtenu #dices/black/dice_paw_locked.png£#dices/black/dice_paw_locked.png£#dices/black/dice_three.png£#dices/black/dice_two.png£#dices/black/dice_two.png£#dices/black/dice_one.png£', NULL, NULL),
(494, 9, 17, 1, 'resolve_order_dices', '¤skyµ ##monsters/to-right/regular/cyber-bunny.png££ a choisi cet ordre de résolution: #dices/black/dice_one.png£#dices/black/dice_two.png£#dices/black/dice_two.png£#dices/black/dice_three.png£ #dices/black/dice_paw.png£#dices/black/dice_paw.png£ ', NULL, NULL),
(500, 9, 17, 1, 'resolve_dices_victory', '¤skyµ ##monsters/to-right/regular/cyber-bunny.png££ a gagné 0#symbols/star.png£', NULL, NULL),
(504, 9, 17, 1, 'resolve_dices_paw', '¤skyµ ##monsters/to-right/regular/cyber-bunny.png££ a attaqué ninja ##monsters/to-left/regular/rozy-pony.png££ hors de Tokyo avec #dices/black/dice_paw.png£#dices/black/dice_paw.png£', NULL, NULL),
(505, 9, 17, 1, 'are_dead', '¤ninjaµ ##monsters/to-left/regular/rozy-pony.png££ est #/symbols/dead.png£ !', 17, 'out_of_tokyo_bay'),
(506, 9, 17, 1, 'out_of_tokyo_bay', '¤indiµ ##monsters/to-left/regular/orange-death.png££ est sorti de Tokyo Bay car il reste moins de 5 joueurs', NULL, NULL),
(507, 9, 19, 1, 'start_turn', 'Le tour de ¤indiµ ##monsters/to-left/regular/orange-death.png££ a commencé.', NULL, NULL),
(508, 9, 19, 1, 'is_starting_in_city', '¤indiµ ##monsters/to-left/regular/orange-death.png££ a commencé son tour hors de Tokyo et n\'a pas gagné de #symbols/star.png£', NULL, NULL),
(509, 9, 19, 1, 'throw_dices', '¤indiµ ##monsters/to-left/regular/orange-death.png££ a obtenu #dices/black/dice_heart.png£#dices/black/dice_heart.png£#dices/black/dice_three.png£#dices/black/dice_two.png£#dices/black/dice_two.png£#dices/black/dice_one.png£', NULL, NULL),
(510, 9, 19, 1, 'throw_dices', '¤indiµ ##monsters/to-left/regular/orange-death.png££ a obtenu #dices/black/dice_paw.png£#dices/black/dice_three_locked.png£#dices/black/dice_three.png£#dices/black/dice_two_locked.png£#dices/black/dice_two_locked.png£#dices/black/dice_one_locked.png£', NULL, NULL),
(511, 9, 19, 1, 'throw_dices', '¤indiµ ##monsters/to-left/regular/orange-death.png££ a obtenu #dices/black/dice_three_locked.png£#dices/black/dice_two_locked.png£#dices/black/dice_two_locked.png£#dices/black/dice_one_locked.png£#dices/black/dice_one.png£#dices/black/dice_flash.png£', NULL, NULL),
(512, 9, 19, 1, 'resolve_order_dices', '¤indiµ ##monsters/to-left/regular/orange-death.png££ a choisi cet ordre de résolution: #dices/black/dice_one.png£#dices/black/dice_one.png£#dices/black/dice_two.png£#dices/black/dice_two.png£#dices/black/dice_three.png£ #dices/black/dice_flash.png£ ', NULL, NULL),
(513, 9, 19, 1, 'resolve_dices_victory', '¤indiµ ##monsters/to-left/regular/orange-death.png££ a gagné 0#symbols/star.png£', NULL, NULL),
(514, 9, 19, 1, 'resolve_dices_flash', '¤indiµ ##monsters/to-left/regular/orange-death.png££ a gagné 1#symbols/flash.png£', NULL, NULL),
(515, 9, 17, 1, 'start_turn', 'Le tour de ¤skyµ ##monsters/to-right/regular/cyber-bunny.png££ a commencé.', NULL, NULL),
(516, 9, 17, 1, 'is_starting_in_city', '¤skyµ ##monsters/to-right/regular/cyber-bunny.png££ a commencé son tour dans Tokyo et gagné 2#symbols/star.png£', NULL, NULL),
(517, 9, 17, 1, 'throw_dices', '¤skyµ ##monsters/to-right/regular/cyber-bunny.png££ a obtenu #dices/black/dice_heart.png£#dices/black/dice_heart.png£#dices/black/dice_three.png£#dices/black/dice_two.png£#dices/black/dice_one.png£#dices/black/dice_flash.png£', NULL, NULL),
(518, 9, 17, 1, 'throw_dices', '¤skyµ ##monsters/to-right/regular/cyber-bunny.png££ a obtenu #dices/black/dice_heart.png£#dices/black/dice_three.png£#dices/black/dice_three.png£#dices/black/dice_flash.png£#dices/black/dice_flash.png£#dices/black/dice_flash.png£', NULL, NULL),
(519, 9, 17, 1, 'throw_dices', '¤skyµ ##monsters/to-right/regular/cyber-bunny.png££ a obtenu #dices/black/dice_three.png£#dices/black/dice_two.png£#dices/black/dice_two.png£#dices/black/dice_one.png£#dices/black/dice_one.png£#dices/black/dice_one.png£', NULL, NULL),
(520, 9, 17, 1, 'resolve_dices_victory', '¤skyµ ##monsters/to-right/regular/cyber-bunny.png££ a gagné 1#symbols/star.png£', NULL, NULL),
(521, 9, 19, 1, 'start_turn', 'Le tour de ¤indiµ ##monsters/to-left/regular/orange-death.png££ a commencé.', NULL, NULL),
(522, 9, 19, 1, 'is_starting_in_city', '¤indiµ ##monsters/to-left/regular/orange-death.png££ a commencé son tour hors de Tokyo et n\'a pas gagné de #symbols/star.png£', NULL, NULL),
(523, 9, 19, 1, 'throw_dices', '¤indiµ ##monsters/to-left/regular/orange-death.png££ a obtenu #dices/black/dice_paw.png£#dices/black/dice_heart.png£#dices/black/dice_two.png£#dices/black/dice_two.png£#dices/black/dice_two.png£#dices/black/dice_flash.png£', NULL, NULL),
(524, 9, 19, 1, 'throw_dices', '¤indiµ ##monsters/to-left/regular/orange-death.png££ a obtenu #dices/black/dice_paw_locked.png£#dices/black/dice_paw.png£#dices/black/dice_three.png£#dices/black/dice_two.png£#dices/black/dice_two.png£#dices/black/dice_flash.png£', NULL, NULL),
(525, 9, 19, 1, 'throw_dices', '¤indiµ ##monsters/to-left/regular/orange-death.png££ a obtenu #dices/black/dice_paw_locked.png£#dices/black/dice_paw_locked.png£#dices/black/dice_paw.png£#dices/black/dice_heart.png£#dices/black/dice_heart.png£#dices/black/dice_three.png£', NULL, NULL),
(526, 9, 19, 1, 'resolve_order_dices', '¤indiµ ##monsters/to-left/regular/orange-death.png££ a choisi cet ordre de résolution: #dices/black/dice_three.png£ #dices/black/dice_paw.png£#dices/black/dice_paw.png£#dices/black/dice_paw.png£ #dices/black/dice_heart.png£#dices/black/dice_heart.png£ ', NULL, NULL),
(527, 9, 19, 1, 'resolve_dices_victory', '¤indiµ ##monsters/to-left/regular/orange-death.png££ a gagné 0#symbols/star.png£', NULL, NULL),
(528, 9, 19, 1, 'resolve_dices_paw', '¤indiµ ##monsters/to-left/regular/orange-death.png££ a attaqué sky ##monsters/to-right/regular/cyber-bunny.png££ dans Tokyo avec #dices/black/dice_paw.png£#dices/black/dice_paw.png£#dices/black/dice_paw.png£', NULL, NULL),
(529, 9, 17, 1, 'ask_to_leave_tokyo', '¤skyµ ##monsters/to-right/regular/cyber-bunny.png££ est resté dans Tokyo', NULL, NULL),
(530, 9, 19, 1, 'resolve_dices_heart', '¤indiµ ##monsters/to-left/regular/orange-death.png££ a gagné 2#symbols/heart.png£', NULL, NULL),
(531, 9, 17, 1, 'start_turn', 'Le tour de ¤skyµ ##monsters/to-right/regular/cyber-bunny.png££ a commencé.', NULL, NULL),
(532, 9, 17, 1, 'is_starting_in_city', '¤skyµ ##monsters/to-right/regular/cyber-bunny.png££ a commencé son tour dans Tokyo et gagné 2#symbols/star.png£', NULL, NULL),
(533, 9, 17, 1, 'throw_dices', '¤skyµ ##monsters/to-right/regular/cyber-bunny.png££ a obtenu #dices/black/dice_paw.png£#dices/black/dice_paw.png£#dices/black/dice_paw.png£#dices/black/dice_flash.png£#dices/black/dice_flash.png£#dices/black/dice_flash.png£', NULL, NULL),
(534, 9, 17, 1, 'throw_dices', '¤skyµ ##monsters/to-right/regular/cyber-bunny.png££ a obtenu #dices/black/dice_paw.png£#dices/black/dice_three.png£#dices/black/dice_one.png£#dices/black/dice_flash_locked.png£#dices/black/dice_flash_locked.png£#dices/black/dice_flash_locked.png£', NULL, NULL),
(535, 9, 17, 1, 'throw_dices', '¤skyµ ##monsters/to-right/regular/cyber-bunny.png££ a obtenu #dices/black/dice_three_locked.png£#dices/black/dice_two.png£#dices/black/dice_one_locked.png£#dices/black/dice_flash_locked.png£#dices/black/dice_flash_locked.png£#dices/black/dice_flash_locked.png£', NULL, NULL);
INSERT INTO `log` (`id`, `game_id`, `player_id`, `is_done`, `action`, `message`, `next_player_id`, `next_action`) VALUES
(536, 9, 17, 1, 'resolve_order_dices', '¤skyµ ##monsters/to-right/regular/cyber-bunny.png££ a choisi cet ordre de résolution: #dices/black/dice_one.png£#dices/black/dice_two.png£#dices/black/dice_three.png£ #dices/black/dice_flash.png£#dices/black/dice_flash.png£#dices/black/dice_flash.png£ ', NULL, NULL),
(537, 9, 17, 1, 'resolve_dices_victory', '¤skyµ ##monsters/to-right/regular/cyber-bunny.png££ a gagné 0#symbols/star.png£', NULL, NULL),
(538, 9, 17, 1, 'resolve_dices_flash', '¤skyµ ##monsters/to-right/regular/cyber-bunny.png££ a gagné 3#symbols/flash.png£', NULL, NULL),
(539, 9, 19, 1, 'start_turn', 'Le tour de ¤indiµ ##monsters/to-left/regular/orange-death.png££ a commencé.', NULL, NULL),
(540, 9, 19, 1, 'is_starting_in_city', '¤indiµ ##monsters/to-left/regular/orange-death.png££ a commencé son tour hors de Tokyo et n\'a pas gagné de #symbols/star.png£', NULL, NULL),
(541, 9, 19, 1, 'throw_dices', '¤indiµ ##monsters/to-left/regular/orange-death.png££ a obtenu #dices/black/dice_three.png£#dices/black/dice_two.png£#dices/black/dice_two.png£#dices/black/dice_one.png£#dices/black/dice_one.png£#dices/black/dice_flash.png£', NULL, NULL),
(542, 9, 19, 1, 'throw_dices', '¤indiµ ##monsters/to-left/regular/orange-death.png££ a obtenu #dices/black/dice_three.png£#dices/black/dice_two.png£#dices/black/dice_two.png£#dices/black/dice_one.png£#dices/black/dice_one.png£#dices/black/dice_flash.png£', NULL, NULL),
(543, 9, 19, 1, 'throw_dices', '¤indiµ ##monsters/to-left/regular/orange-death.png££ a obtenu #dices/black/dice_heart.png£#dices/black/dice_three.png£#dices/black/dice_three.png£#dices/black/dice_two_locked.png£#dices/black/dice_two_locked.png£#dices/black/dice_one.png£', NULL, NULL),
(544, 9, 19, 1, 'resolve_order_dices', '¤indiµ ##monsters/to-left/regular/orange-death.png££ a choisi cet ordre de résolution: #dices/black/dice_one.png£#dices/black/dice_two.png£#dices/black/dice_two.png£#dices/black/dice_three.png£#dices/black/dice_three.png£ #dices/black/dice_heart.png£ ', NULL, NULL),
(545, 9, 19, 1, 'resolve_dices_victory', '¤indiµ ##monsters/to-left/regular/orange-death.png££ a gagné 0#symbols/star.png£', NULL, NULL),
(546, 9, 19, 1, 'resolve_dices_heart', '¤indiµ ##monsters/to-left/regular/orange-death.png££ a gagné 1#symbols/heart.png£', NULL, NULL),
(547, 9, 17, 1, 'start_turn', 'Le tour de ¤skyµ ##monsters/to-right/regular/cyber-bunny.png££ a commencé.', NULL, NULL),
(548, 9, 17, 1, 'is_starting_in_city', '¤skyµ ##monsters/to-right/regular/cyber-bunny.png££ a commencé son tour dans Tokyo et gagné 2#symbols/star.png£', NULL, NULL),
(549, 9, 17, 1, 'throw_dices', '¤skyµ ##monsters/to-right/regular/cyber-bunny.png££ a obtenu #dices/black/dice_paw.png£#dices/black/dice_heart.png£#dices/black/dice_two.png£#dices/black/dice_one.png£#dices/black/dice_one.png£#dices/black/dice_flash.png£', NULL, NULL),
(550, 9, 17, 1, 'throw_dices', '¤skyµ ##monsters/to-right/regular/cyber-bunny.png££ a obtenu #dices/black/dice_paw.png£#dices/black/dice_one.png£#dices/black/dice_one.png£#dices/black/dice_one.png£#dices/black/dice_one.png£#dices/black/dice_flash.png£', NULL, NULL),
(551, 9, 17, 1, 'throw_dices', '¤skyµ ##monsters/to-right/regular/cyber-bunny.png££ a obtenu #dices/black/dice_three.png£#dices/black/dice_two.png£#dices/black/dice_one_locked.png£#dices/black/dice_one_locked.png£#dices/black/dice_one_locked.png£#dices/black/dice_one_locked.png£', NULL, NULL),
(552, 9, 17, 1, 'resolve_dices_victory', '¤skyµ ##monsters/to-right/regular/cyber-bunny.png££ a gagné 2#symbols/star.png£', NULL, NULL),
(553, 9, 19, 1, 'start_turn', 'Le tour de ¤indiµ ##monsters/to-left/regular/orange-death.png££ a commencé.', NULL, NULL),
(554, 9, 19, 1, 'is_starting_in_city', '¤indiµ ##monsters/to-left/regular/orange-death.png££ a commencé son tour hors de Tokyo et n\'a pas gagné de #symbols/star.png£', NULL, NULL),
(555, 9, 19, 1, 'throw_dices', '¤indiµ ##monsters/to-left/regular/orange-death.png££ a obtenu #dices/black/dice_paw.png£#dices/black/dice_paw.png£#dices/black/dice_paw.png£#dices/black/dice_three.png£#dices/black/dice_two.png£#dices/black/dice_flash.png£', NULL, NULL),
(556, 9, 19, 1, 'throw_dices', '¤indiµ ##monsters/to-left/regular/orange-death.png££ a obtenu #dices/black/dice_paw.png£#dices/black/dice_heart.png£#dices/black/dice_three.png£#dices/black/dice_three.png£#dices/black/dice_two.png£#dices/black/dice_two.png£', NULL, NULL),
(557, 9, 19, 1, 'throw_dices', '¤indiµ ##monsters/to-left/regular/orange-death.png££ a obtenu #dices/black/dice_heart_locked.png£#dices/black/dice_three_locked.png£#dices/black/dice_three_locked.png£#dices/black/dice_three.png£#dices/black/dice_three.png£#dices/black/dice_one.png£', NULL, NULL),
(558, 9, 19, 1, 'resolve_order_dices', '¤indiµ ##monsters/to-left/regular/orange-death.png££ a choisi cet ordre de résolution: #dices/black/dice_one.png£#dices/black/dice_three.png£#dices/black/dice_three.png£#dices/black/dice_three.png£#dices/black/dice_three.png£ #dices/black/dice_heart.png£ ', NULL, NULL),
(559, 9, 19, 1, 'resolve_dices_victory', '¤indiµ ##monsters/to-left/regular/orange-death.png££ a gagné 4#symbols/star.png£', NULL, NULL),
(560, 9, 19, 1, 'resolve_dices_heart', '¤indiµ ##monsters/to-left/regular/orange-death.png££ a gagné 1#symbols/heart.png£', NULL, NULL),
(561, 9, 17, 1, 'start_turn', 'Le tour de ¤skyµ ##monsters/to-right/regular/cyber-bunny.png££ a commencé.', NULL, NULL),
(562, 9, 17, 1, 'is_starting_in_city', '¤skyµ ##monsters/to-right/regular/cyber-bunny.png££ a commencé son tour dans Tokyo et gagné 2#symbols/star.png£', NULL, NULL),
(563, 9, 17, 1, 'throw_dices', '¤skyµ ##monsters/to-right/regular/cyber-bunny.png££ a obtenu #dices/black/dice_paw.png£#dices/black/dice_heart.png£#dices/black/dice_heart.png£#dices/black/dice_two.png£#dices/black/dice_two.png£#dices/black/dice_flash.png£', NULL, NULL),
(564, 9, 17, 1, 'throw_dices', '¤skyµ ##monsters/to-right/regular/cyber-bunny.png££ a obtenu #dices/black/dice_heart.png£#dices/black/dice_three.png£#dices/black/dice_two_locked.png£#dices/black/dice_two_locked.png£#dices/black/dice_one.png£#dices/black/dice_one.png£', NULL, NULL),
(565, 9, 17, 1, 'throw_dices', '¤skyµ ##monsters/to-right/regular/cyber-bunny.png££ a obtenu #dices/black/dice_paw.png£#dices/black/dice_heart.png£#dices/black/dice_heart.png£#dices/black/dice_three.png£#dices/black/dice_two_locked.png£#dices/black/dice_two_locked.png£', NULL, NULL),
(566, 9, 17, 1, 'resolve_order_dices', '¤skyµ ##monsters/to-right/regular/cyber-bunny.png££ a choisi cet ordre de résolution: #dices/black/dice_two.png£#dices/black/dice_two.png£#dices/black/dice_three.png£ #dices/black/dice_heart.png£#dices/black/dice_heart.png£ #dices/black/dice_paw.png£ ', NULL, NULL),
(567, 9, 17, 1, 'resolve_dices_victory', '¤skyµ ##monsters/to-right/regular/cyber-bunny.png££ a gagné 0#symbols/star.png£', NULL, NULL),
(568, 9, 17, 1, 'resolve_dices_heart', '¤skyµ ##monsters/to-right/regular/cyber-bunny.png££ a gagné 0#symbols/heart.png£', NULL, NULL),
(569, 9, 17, 1, 'resolve_dices_paw', '¤skyµ ##monsters/to-right/regular/cyber-bunny.png££ a attaqué ninja ##monsters/to-left/regular/rozy-pony.png££, indi ##monsters/to-left/regular/orange-death.png££ hors de Tokyo avec #dices/black/dice_paw.png£', NULL, NULL),
(570, 9, 19, 1, 'start_turn', 'Le tour de ¤indiµ ##monsters/to-left/regular/orange-death.png££ a commencé.', NULL, NULL),
(571, 9, 19, 1, 'is_starting_in_city', '¤indiµ ##monsters/to-left/regular/orange-death.png££ a commencé son tour hors de Tokyo et n\'a pas gagné de #symbols/star.png£', NULL, NULL),
(572, 9, 19, 1, 'throw_dices', '¤indiµ ##monsters/to-left/regular/orange-death.png££ a obtenu #dices/black/dice_paw.png£#dices/black/dice_heart.png£#dices/black/dice_heart.png£#dices/black/dice_three.png£#dices/black/dice_three.png£#dices/black/dice_flash.png£', NULL, NULL),
(573, 9, 19, 1, 'throw_dices', '¤indiµ ##monsters/to-left/regular/orange-death.png££ a obtenu #dices/black/dice_heart_locked.png£#dices/black/dice_heart_locked.png£#dices/black/dice_three_locked.png£#dices/black/dice_three_locked.png£#dices/black/dice_three.png£#dices/black/dice_one.png£', NULL, NULL),
(574, 9, 19, 1, 'throw_dices', '¤indiµ ##monsters/to-left/regular/orange-death.png££ a obtenu #dices/black/dice_paw.png£#dices/black/dice_heart_locked.png£#dices/black/dice_heart_locked.png£#dices/black/dice_three_locked.png£#dices/black/dice_three_locked.png£#dices/black/dice_three_locked.png£', NULL, NULL),
(575, 9, 19, 1, 'resolve_order_dices', '¤indiµ ##monsters/to-left/regular/orange-death.png££ a choisi cet ordre de résolution: #dices/black/dice_three.png£#dices/black/dice_three.png£#dices/black/dice_three.png£ #dices/black/dice_paw.png£ #dices/black/dice_heart.png£#dices/black/dice_heart.png£ ', NULL, NULL),
(576, 9, 19, 1, 'resolve_dices_victory', '¤indiµ ##monsters/to-left/regular/orange-death.png££ a gagné 3#symbols/star.png£', NULL, NULL),
(577, 9, 19, 1, 'resolve_dices_paw', '¤indiµ ##monsters/to-left/regular/orange-death.png££ a attaqué sky ##monsters/to-right/regular/cyber-bunny.png££ dans Tokyo avec #dices/black/dice_paw.png£', NULL, NULL),
(578, 9, 17, 1, 'ask_to_leave_tokyo', '¤skyµ ##monsters/to-right/regular/cyber-bunny.png££ est resté dans Tokyo', NULL, NULL),
(579, 9, 19, 1, 'resolve_dices_heart', '¤indiµ ##monsters/to-left/regular/orange-death.png££ a gagné 2#symbols/heart.png£', NULL, NULL),
(580, 9, 17, 1, 'start_turn', 'Le tour de ¤skyµ ##monsters/to-right/regular/cyber-bunny.png££ a commencé.', NULL, NULL),
(581, 9, 17, 1, 'is_starting_in_city', '¤skyµ ##monsters/to-right/regular/cyber-bunny.png££ a commencé son tour dans Tokyo et gagné 2#symbols/star.png£', NULL, NULL),
(582, 9, 17, 1, 'throw_dices', '¤skyµ ##monsters/to-right/regular/cyber-bunny.png££ a obtenu #dices/black/dice_paw.png£#dices/black/dice_heart.png£#dices/black/dice_two.png£#dices/black/dice_one.png£#dices/black/dice_flash.png£#dices/black/dice_flash.png£', NULL, NULL),
(583, 9, 17, 1, 'throw_dices', '¤skyµ ##monsters/to-right/regular/cyber-bunny.png££ a obtenu #dices/black/dice_three.png£#dices/black/dice_three.png£#dices/black/dice_two_locked.png£#dices/black/dice_two.png£#dices/black/dice_two.png£#dices/black/dice_one.png£', NULL, NULL),
(584, 9, 17, 1, 'resolve_dices_victory', '¤skyµ ##monsters/to-right/regular/cyber-bunny.png££ a gagné 2#symbols/star.png£', NULL, NULL),
(585, 9, 17, 0, 'has_won_by_victory_points', NULL, NULL, NULL),
(586, 10, 21, 1, 'start_turn', 'Le tour de ¤skyµ ##monsters/to-left/regular/x-smash-tree.png££ a commencé.', NULL, NULL),
(587, 10, 21, 1, 'is_starting_in_city', '¤skyµ ##monsters/to-left/regular/x-smash-tree.png££ a commencé son tour hors de Tokyo et n\'a pas gagné de #symbols/star.png£', NULL, NULL),
(588, 10, 21, 1, 'throw_dices', '¤skyµ ##monsters/to-left/regular/x-smash-tree.png££ a obtenu #dices/black/dice_three.png£#dices/black/dice_three.png£#dices/black/dice_three.png£#dices/black/dice_three.png£#dices/black/dice_one.png£#dices/black/dice_flash.png£', NULL, NULL),
(589, 10, 21, 1, 'throw_dices', '¤skyµ ##monsters/to-left/regular/x-smash-tree.png££ a obtenu #dices/black/dice_three_locked.png£#dices/black/dice_three_locked.png£#dices/black/dice_three_locked.png£#dices/black/dice_three_locked.png£#dices/black/dice_two.png£#dices/black/dice_two.png£', NULL, NULL),
(590, 10, 21, 1, 'throw_dices', '¤skyµ ##monsters/to-left/regular/x-smash-tree.png££ a obtenu #dices/black/dice_three_locked.png£#dices/black/dice_three_locked.png£#dices/black/dice_three_locked.png£#dices/black/dice_three_locked.png£#dices/black/dice_three.png£#dices/black/dice_one.png£', NULL, NULL),
(591, 10, 21, 1, 'resolve_dices_victory', '¤skyµ ##monsters/to-right/regular/x-smash-tree.png££ a gagné 5#symbols/star.png£', NULL, NULL),
(592, 10, 21, 1, 'enter_tokyo_city', '¤skyµ ##monsters/to-right/regular/x-smash-tree.png££ est entré dans Tokyo City', NULL, NULL),
(593, 10, 22, 1, 'start_turn', 'Le tour de ¤ninjaµ ##monsters/to-left/regular/alienoid.png££ a commencé.', NULL, NULL),
(594, 10, 22, 1, 'is_starting_in_city', '¤ninjaµ ##monsters/to-left/regular/alienoid.png££ a commencé son tour hors de Tokyo et n\'a pas gagné de #symbols/star.png£', NULL, NULL),
(595, 10, 22, 1, 'throw_dices', '¤ninjaµ ##monsters/to-left/regular/alienoid.png££ a obtenu #dices/black/dice_heart.png£#dices/black/dice_heart.png£#dices/black/dice_three.png£#dices/black/dice_two.png£#dices/black/dice_two.png£#dices/black/dice_one.png£', NULL, NULL),
(596, 10, 22, 1, 'throw_dices', '¤ninjaµ ##monsters/to-left/regular/alienoid.png££ a obtenu #dices/black/dice_paw.png£#dices/black/dice_heart.png£#dices/black/dice_heart.png£#dices/black/dice_two.png£#dices/black/dice_one.png£#dices/black/dice_flash.png£', NULL, NULL),
(597, 10, 22, 1, 'throw_dices', '¤ninjaµ ##monsters/to-left/regular/alienoid.png££ a obtenu #dices/black/dice_paw_locked.png£#dices/black/dice_paw.png£#dices/black/dice_paw.png£#dices/black/dice_three.png£#dices/black/dice_one.png£#dices/black/dice_one.png£', NULL, NULL),
(598, 10, 22, 1, 'resolve_order_dices', '¤ninjaµ ##monsters/to-left/regular/alienoid.png££ a choisi cet ordre de résolution: #dices/black/dice_paw.png£#dices/black/dice_paw.png£#dices/black/dice_paw.png£ #dices/black/dice_one.png£#dices/black/dice_one.png£#dices/black/dice_three.png£ ', NULL, NULL),
(599, 10, 22, 1, 'resolve_dices_paw', '¤ninjaµ ##monsters/to-left/regular/alienoid.png££ a attaqué sky ##monsters/to-right/regular/x-smash-tree.png££ dans Tokyo avec #dices/black/dice_paw.png£#dices/black/dice_paw.png£#dices/black/dice_paw.png£', NULL, NULL),
(600, 10, 21, 1, 'ask_to_leave_tokyo', '¤skyµ ##monsters/to-right/regular/x-smash-tree.png££ est resté dans Tokyo', NULL, NULL),
(601, 10, 22, 1, 'resolve_dices_victory', '¤ninjaµ ##monsters/to-right/regular/alienoid.png££ a gagné 0#symbols/star.png£', NULL, NULL),
(602, 10, 22, 1, 'enter_tokyo_bay', '¤ninjaµ ##monsters/to-right/regular/alienoid.png££ est entré dans Tokyo Bay', NULL, NULL),
(603, 10, 20, 1, 'start_turn', 'Le tour de ¤indiµ ##monsters/to-left/regular/boogie-woogie.png££ a commencé.', NULL, NULL),
(604, 10, 20, 1, 'is_starting_in_city', '¤indiµ ##monsters/to-left/regular/boogie-woogie.png££ a commencé son tour hors de Tokyo et n\'a pas gagné de #symbols/star.png£', NULL, NULL),
(605, 10, 20, 1, 'throw_dices', '¤indiµ ##monsters/to-left/regular/boogie-woogie.png££ a obtenu #dices/black/dice_paw.png£#dices/black/dice_paw.png£#dices/black/dice_paw.png£#dices/black/dice_heart.png£#dices/black/dice_three.png£#dices/black/dice_three.png£', NULL, NULL),
(606, 10, 20, 1, 'throw_dices', '¤indiµ ##monsters/to-left/regular/boogie-woogie.png££ a obtenu #dices/black/dice_paw_locked.png£#dices/black/dice_paw_locked.png£#dices/black/dice_paw_locked.png£#dices/black/dice_paw.png£#dices/black/dice_paw.png£#dices/black/dice_one.png£', NULL, NULL),
(607, 10, 20, 1, 'throw_dices', '¤indiµ ##monsters/to-left/regular/boogie-woogie.png££ a obtenu #dices/black/dice_paw_locked.png£#dices/black/dice_paw_locked.png£#dices/black/dice_paw_locked.png£#dices/black/dice_paw_locked.png£#dices/black/dice_paw_locked.png£#dices/black/dice_flash.png£', NULL, NULL),
(608, 10, 20, 1, 'resolve_order_dices', '¤indiµ ##monsters/to-left/regular/boogie-woogie.png££ a choisi cet ordre de résolution: #dices/black/dice_flash.png£ #dices/black/dice_paw.png£#dices/black/dice_paw.png£#dices/black/dice_paw.png£#dices/black/dice_paw.png£#dices/black/dice_paw.png£ ', NULL, NULL),
(609, 10, 20, 1, 'resolve_dices_flash', '¤indiµ ##monsters/to-left/regular/boogie-woogie.png££ a gagné 1#symbols/flash.png£', NULL, NULL),
(610, 10, 20, 1, 'resolve_dices_paw', '¤indiµ ##monsters/to-left/regular/boogie-woogie.png££ a attaqué sky ##monsters/to-right/regular/x-smash-tree.png££, ninja ##monsters/to-right/regular/alienoid.png££ dans Tokyo avec #dices/black/dice_paw.png£#dices/black/dice_paw.png£#dices/black/dice_paw.png£#dices/black/dice_paw.png£#dices/black/dice_paw.png£', NULL, NULL),
(611, 10, 21, 1, 'ask_to_leave_tokyo', '¤skyµ ##monsters/to-right/regular/x-smash-tree.png££ est resté dans Tokyo', NULL, NULL),
(612, 10, 22, 1, 'ask_to_leave_tokyo', '¤ninjaµ ##monsters/to-right/regular/alienoid.png££ est resté dans Tokyo', NULL, NULL),
(613, 10, 21, 1, 'start_turn', 'Le tour de ¤skyµ ##monsters/to-right/regular/x-smash-tree.png££ a commencé.', NULL, NULL),
(614, 10, 21, 1, 'is_starting_in_city', '¤skyµ ##monsters/to-right/regular/x-smash-tree.png££ a commencé son tour dans Tokyo et gagné 2#symbols/star.png£', NULL, NULL),
(615, 10, 21, 1, 'throw_dices', '¤skyµ ##monsters/to-right/regular/x-smash-tree.png££ a obtenu #dices/black/dice_three.png£#dices/black/dice_three.png£#dices/black/dice_three.png£#dices/black/dice_two.png£#dices/black/dice_flash.png£#dices/black/dice_flash.png£', NULL, NULL),
(616, 10, 21, 1, 'throw_dices', '¤skyµ ##monsters/to-right/regular/x-smash-tree.png££ a obtenu #dices/black/dice_heart.png£#dices/black/dice_three_locked.png£#dices/black/dice_three_locked.png£#dices/black/dice_three_locked.png£#dices/black/dice_one.png£#dices/black/dice_one.png£', NULL, NULL),
(617, 10, 21, 1, 'throw_dices', '¤skyµ ##monsters/to-right/regular/x-smash-tree.png££ a obtenu #dices/black/dice_heart.png£#dices/black/dice_three_locked.png£#dices/black/dice_three_locked.png£#dices/black/dice_three_locked.png£#dices/black/dice_flash.png£#dices/black/dice_flash.png£', NULL, NULL),
(618, 10, 21, 1, 'resolve_order_dices', '¤skyµ ##monsters/to-right/regular/x-smash-tree.png££ a choisi cet ordre de résolution: #dices/black/dice_three.png£#dices/black/dice_three.png£#dices/black/dice_three.png£ #dices/black/dice_heart.png£ #dices/black/dice_flash.png£#dices/black/dice_flash.png£ ', NULL, NULL),
(619, 10, 21, 1, 'resolve_dices_victory', '¤skyµ ##monsters/to-right/regular/x-smash-tree.png££ a gagné 3#symbols/star.png£', NULL, NULL),
(620, 10, 21, 1, 'resolve_dices_heart', '¤skyµ ##monsters/to-right/regular/x-smash-tree.png££ a gagné 0#symbols/heart.png£', NULL, NULL),
(621, 10, 21, 1, 'resolve_dices_flash', '¤skyµ ##monsters/to-right/regular/x-smash-tree.png££ a gagné 2#symbols/flash.png£', NULL, NULL),
(622, 10, 22, 1, 'start_turn', 'Le tour de ¤ninjaµ ##monsters/to-right/regular/alienoid.png££ a commencé.', NULL, NULL),
(623, 10, 22, 1, 'is_starting_in_city', '¤ninjaµ ##monsters/to-right/regular/alienoid.png££ a commencé son tour dans Tokyo et gagné 2#symbols/star.png£', NULL, NULL),
(624, 10, 22, 1, 'throw_dices', '¤ninjaµ ##monsters/to-right/regular/alienoid.png££ a obtenu #dices/black/dice_heart.png£#dices/black/dice_two.png£#dices/black/dice_two.png£#dices/black/dice_one.png£#dices/black/dice_one.png£#dices/black/dice_one.png£', NULL, NULL),
(625, 10, 22, 1, 'resolve_order_dices', '¤ninjaµ ##monsters/to-right/regular/alienoid.png££ a choisi cet ordre de résolution: #dices/black/dice_one.png£#dices/black/dice_one.png£#dices/black/dice_one.png£#dices/black/dice_two.png£#dices/black/dice_two.png£ #dices/black/dice_heart.png£ ', NULL, NULL),
(626, 10, 22, 1, 'resolve_dices_victory', '¤ninjaµ ##monsters/to-right/regular/alienoid.png££ a gagné 1#symbols/star.png£', NULL, NULL),
(627, 10, 22, 1, 'resolve_dices_heart', '¤ninjaµ ##monsters/to-right/regular/alienoid.png££ a gagné 0#symbols/heart.png£', NULL, NULL),
(628, 10, 20, 1, 'start_turn', 'Le tour de ¤indiµ ##monsters/to-left/regular/boogie-woogie.png££ a commencé.', NULL, NULL),
(629, 10, 20, 1, 'is_starting_in_city', '¤indiµ ##monsters/to-left/regular/boogie-woogie.png££ a commencé son tour hors de Tokyo et n\'a pas gagné de #symbols/star.png£', NULL, NULL),
(630, 10, 20, 1, 'throw_dices', '¤indiµ ##monsters/to-left/regular/boogie-woogie.png££ a obtenu #dices/black/dice_two.png£#dices/black/dice_one.png£#dices/black/dice_one.png£#dices/black/dice_flash.png£#dices/black/dice_flash.png£#dices/black/dice_flash.png£', NULL, NULL),
(631, 10, 20, 1, 'throw_dices', '¤indiµ ##monsters/to-left/regular/boogie-woogie.png££ a obtenu #dices/black/dice_heart.png£#dices/black/dice_heart.png£#dices/black/dice_two.png£#dices/black/dice_two.png£#dices/black/dice_two.png£#dices/black/dice_flash.png£', NULL, NULL),
(632, 10, 20, 1, 'throw_dices', '¤indiµ ##monsters/to-left/regular/boogie-woogie.png££ a obtenu #dices/black/dice_heart.png£#dices/black/dice_one.png£#dices/black/dice_one.png£#dices/black/dice_one.png£#dices/black/dice_one.png£#dices/black/dice_flash.png£', NULL, NULL),
(633, 10, 20, 1, 'resolve_order_dices', '¤indiµ ##monsters/to-left/regular/boogie-woogie.png££ a choisi cet ordre de résolution: #dices/black/dice_one.png£#dices/black/dice_one.png£#dices/black/dice_one.png£#dices/black/dice_one.png£ #dices/black/dice_heart.png£ #dices/black/dice_flash.png£ ', NULL, NULL),
(634, 10, 20, 1, 'resolve_dices_victory', '¤indiµ ##monsters/to-left/regular/boogie-woogie.png££ a gagné 2#symbols/star.png£', NULL, NULL),
(635, 10, 20, 1, 'resolve_dices_heart', '¤indiµ ##monsters/to-left/regular/boogie-woogie.png££ a gagné 1#symbols/heart.png£', NULL, NULL),
(636, 10, 20, 1, 'resolve_dices_flash', '¤indiµ ##monsters/to-left/regular/boogie-woogie.png££ a gagné 1#symbols/flash.png£', NULL, NULL),
(637, 10, 21, 1, 'start_turn', 'Le tour de ¤skyµ ##monsters/to-right/regular/x-smash-tree.png££ a commencé.', NULL, NULL),
(638, 10, 21, 1, 'is_starting_in_city', '¤skyµ ##monsters/to-right/regular/x-smash-tree.png££ a commencé son tour dans Tokyo et gagné 2#symbols/star.png£', NULL, NULL),
(639, 10, 21, 1, 'throw_dices', '¤skyµ ##monsters/to-right/regular/x-smash-tree.png££ a obtenu #dices/black/dice_heart.png£#dices/black/dice_heart.png£#dices/black/dice_two.png£#dices/black/dice_two.png£#dices/black/dice_one.png£#dices/black/dice_flash.png£', NULL, NULL),
(640, 10, 21, 1, 'resolve_order_dices', '¤skyµ ##monsters/to-right/regular/x-smash-tree.png££ a choisi cet ordre de résolution: #dices/black/dice_one.png£#dices/black/dice_two.png£#dices/black/dice_two.png£ #dices/black/dice_heart.png£#dices/black/dice_heart.png£ #dices/black/dice_flash.png£ ', NULL, NULL),
(641, 10, 21, 1, 'resolve_dices_victory', '¤skyµ ##monsters/to-right/regular/x-smash-tree.png££ a gagné 0#symbols/star.png£', NULL, NULL),
(642, 10, 21, 1, 'resolve_dices_heart', '¤skyµ ##monsters/to-right/regular/x-smash-tree.png££ a gagné 0#symbols/heart.png£', NULL, NULL),
(643, 10, 21, 1, 'resolve_dices_flash', '¤skyµ ##monsters/to-right/regular/x-smash-tree.png££ a gagné 1#symbols/flash.png£', NULL, NULL),
(644, 10, 22, 1, 'start_turn', 'Le tour de ¤ninjaµ ##monsters/to-right/regular/alienoid.png££ a commencé.', NULL, NULL),
(645, 10, 22, 1, 'is_starting_in_city', '¤ninjaµ ##monsters/to-right/regular/alienoid.png££ a commencé son tour dans Tokyo et gagné 2#symbols/star.png£', NULL, NULL),
(646, 10, 22, 1, 'throw_dices', '¤ninjaµ ##monsters/to-right/regular/alienoid.png££ a obtenu #dices/black/dice_paw.png£#dices/black/dice_three.png£#dices/black/dice_three.png£#dices/black/dice_two.png£#dices/black/dice_two.png£#dices/black/dice_one.png£', NULL, NULL),
(647, 10, 22, 1, 'resolve_order_dices', '¤ninjaµ ##monsters/to-right/regular/alienoid.png££ a choisi cet ordre de résolution: #dices/black/dice_one.png£#dices/black/dice_two.png£#dices/black/dice_two.png£#dices/black/dice_three.png£#dices/black/dice_three.png£ #dices/black/dice_paw.png£ ', NULL, NULL),
(648, 10, 22, 1, 'resolve_dices_victory', '¤ninjaµ ##monsters/to-right/regular/alienoid.png££ a gagné 0#symbols/star.png£', NULL, NULL),
(649, 10, 22, 1, 'resolve_dices_paw', '¤ninjaµ ##monsters/to-right/regular/alienoid.png££ a attaqué indi ##monsters/to-left/regular/boogie-woogie.png££ hors de Tokyo avec #dices/black/dice_paw.png£', NULL, NULL),
(650, 10, 20, 1, 'start_turn', 'Le tour de ¤indiµ ##monsters/to-left/regular/boogie-woogie.png££ a commencé.', NULL, NULL),
(651, 10, 20, 1, 'is_starting_in_city', '¤indiµ ##monsters/to-left/regular/boogie-woogie.png££ a commencé son tour hors de Tokyo et n\'a pas gagné de #symbols/star.png£', NULL, NULL),
(652, 10, 20, 1, 'throw_dices', '¤indiµ ##monsters/to-left/regular/boogie-woogie.png££ a obtenu #dices/black/dice_three.png£#dices/black/dice_three.png£#dices/black/dice_two.png£#dices/black/dice_one.png£#dices/black/dice_one.png£#dices/black/dice_one.png£', NULL, NULL),
(653, 10, 20, 1, 'throw_dices', '¤indiµ ##monsters/to-left/regular/boogie-woogie.png££ a obtenu #dices/black/dice_paw.png£#dices/black/dice_paw.png£#dices/black/dice_heart.png£#dices/black/dice_one.png£#dices/black/dice_flash.png£#dices/black/dice_flash.png£', NULL, NULL),
(654, 10, 20, 1, 'resolve_order_dices', '¤indiµ ##monsters/to-left/regular/boogie-woogie.png££ a choisi cet ordre de résolution: #dices/black/dice_one.png£ #dices/black/dice_heart.png£ #dices/black/dice_flash.png£#dices/black/dice_flash.png£ #dices/black/dice_paw.png£#dices/black/dice_paw.png£ ', NULL, NULL),
(655, 10, 20, 1, 'resolve_dices_victory', '¤indiµ ##monsters/to-left/regular/boogie-woogie.png££ a gagné 0#symbols/star.png£', NULL, NULL),
(656, 10, 20, 1, 'resolve_dices_heart', '¤indiµ ##monsters/to-left/regular/boogie-woogie.png££ a gagné 1#symbols/heart.png£', NULL, NULL),
(657, 10, 20, 1, 'resolve_dices_flash', '¤indiµ ##monsters/to-left/regular/boogie-woogie.png££ a gagné 2#symbols/flash.png£', NULL, NULL),
(658, 10, 20, 1, 'resolve_dices_paw', '¤indiµ ##monsters/to-left/regular/boogie-woogie.png££ a attaqué ninja ##monsters/to-right/regular/alienoid.png££ dans Tokyo avec #dices/black/dice_paw.png£#dices/black/dice_paw.png£', NULL, NULL),
(659, 10, 20, 1, 'are_dead', '¤skyµ ##monsters/to-left/regular/x-smash-tree.png££ est #/symbols/dead.png£ !', 22, 'ask_to_leave_tokyo'),
(660, 10, 22, 1, 'ask_to_leave_tokyo', '¤ninjaµ ##monsters/to-right/regular/alienoid.png££ est resté dans Tokyo', NULL, NULL),
(661, 10, 20, 1, 'enter_tokyo_city', '¤indiµ ##monsters/to-right/regular/boogie-woogie.png££ est entré dans Tokyo City', NULL, NULL),
(662, 10, 22, 1, 'start_turn', 'Le tour de ¤ninjaµ ##monsters/to-right/regular/alienoid.png££ a commencé.', NULL, NULL),
(663, 10, 22, 1, 'is_starting_in_city', '¤ninjaµ ##monsters/to-right/regular/alienoid.png££ a commencé son tour dans Tokyo et gagné 2#symbols/star.png£', NULL, NULL),
(664, 10, 22, 1, 'throw_dices', '¤ninjaµ ##monsters/to-right/regular/alienoid.png££ a obtenu #dices/black/dice_paw.png£#dices/black/dice_heart.png£#dices/black/dice_three.png£#dices/black/dice_three.png£#dices/black/dice_two.png£#dices/black/dice_one.png£', NULL, NULL),
(665, 10, 22, 1, 'resolve_order_dices', '¤ninjaµ ##monsters/to-right/regular/alienoid.png££ a choisi cet ordre de résolution: #dices/black/dice_one.png£#dices/black/dice_two.png£#dices/black/dice_three.png£#dices/black/dice_three.png£ #dices/black/dice_paw.png£ #dices/black/dice_heart.png£ ', NULL, NULL),
(671, 10, 22, 1, 'resolve_dices_victory', '¤ninjaµ ##monsters/to-right/regular/alienoid.png££ a gagné 0#symbols/star.png£', NULL, NULL),
(672, 10, 22, 1, 'resolve_dices_paw', '¤ninjaµ ##monsters/to-right/regular/alienoid.png££ a attaqué sky ##monsters/to-left/regular/x-smash-tree.png££ hors de Tokyo avec #dices/black/dice_paw.png£', NULL, NULL),
(673, 10, 22, 1, 'are_dead', '¤skyµ ##monsters/to-left/regular/x-smash-tree.png££ est #/symbols/dead.png£ !', 22, 'resolve_dices_heart'),
(674, 10, 22, 1, 'resolve_dices_heart', '¤ninjaµ ##monsters/to-left/regular/alienoid.png££ a gagné 1#symbols/heart.png£', NULL, NULL),
(675, 10, 22, 1, 'out_of_tokyo_bay', '¤ninjaµ ##monsters/to-left/regular/alienoid.png££ est sorti de Tokyo Bay car il reste moins de 5 joueurs', NULL, NULL),
(676, 10, 20, 1, 'start_turn', 'Le tour de ¤indiµ ##monsters/to-right/regular/boogie-woogie.png££ a commencé.', NULL, NULL),
(677, 12, 24, 1, 'start_turn', 'Le tour de ¤skyµ ##monsters/to-left/regular/rozy-pony.png££ a commencé.', NULL, NULL),
(678, 12, 24, 1, 'is_starting_in_city', '¤skyµ ##monsters/to-left/regular/rozy-pony.png££ a commencé son tour hors de Tokyo et n\'a pas gagné de #symbols/star.png£', NULL, NULL),
(679, 12, 24, 1, 'throw_dices', '¤skyµ ##monsters/to-left/regular/rozy-pony.png££ a obtenu #dices/black/dice_paw.png£#dices/black/dice_paw.png£#dices/black/dice_three.png£#dices/black/dice_three.png£#dices/black/dice_two.png£#dices/black/dice_one.png£', NULL, NULL),
(680, 12, 24, 1, 'throw_dices', '¤skyµ ##monsters/to-left/regular/rozy-pony.png££ a obtenu #dices/black/dice_paw.png£#dices/black/dice_heart.png£#dices/black/dice_three_locked.png£#dices/black/dice_three_locked.png£#dices/black/dice_three.png£#dices/black/dice_two.png£', NULL, NULL),
(681, 12, 24, 1, 'throw_dices', '¤skyµ ##monsters/to-left/regular/rozy-pony.png££ a obtenu #dices/black/dice_three_locked.png£#dices/black/dice_three_locked.png£#dices/black/dice_three_locked.png£#dices/black/dice_three.png£#dices/black/dice_one.png£#dices/black/dice_flash.png£', NULL, NULL),
(682, 12, 24, 1, 'resolve_order_dices', '¤skyµ ##monsters/to-left/regular/rozy-pony.png££ a choisi cet ordre de résolution: #dices/black/dice_one.png£#dices/black/dice_three.png£#dices/black/dice_three.png£#dices/black/dice_three.png£#dices/black/dice_three.png£ #dices/black/dice_flash.png£ ', NULL, NULL),
(683, 12, 24, 1, 'resolve_dices_victory', '¤skyµ ##monsters/to-left/regular/rozy-pony.png££ a gagné 4#symbols/star.png£', NULL, NULL),
(684, 12, 24, 1, 'resolve_dices_flash', '¤skyµ ##monsters/to-right/regular/rozy-pony.png££ a gagné 1#symbols/flash.png£', NULL, NULL),
(685, 12, 24, 1, 'enter_tokyo_city', '¤skyµ ##monsters/to-right/regular/rozy-pony.png££ est entré dans Tokyo City et a gagné 1#symbols/star.png£', NULL, NULL),
(686, 12, 25, 1, 'start_turn', 'Le tour de ¤indiµ ##monsters/to-left/regular/giga-zaur.png££ a commencé.', NULL, NULL),
(687, 12, 25, 1, 'is_starting_in_city', '¤indiµ ##monsters/to-left/regular/giga-zaur.png££ a commencé son tour hors de Tokyo et n\'a pas gagné de #symbols/star.png£', NULL, NULL),
(688, 12, 25, 1, 'throw_dices', '¤indiµ ##monsters/to-left/regular/giga-zaur.png££ a obtenu #dices/black/dice_heart.png£#dices/black/dice_three.png£#dices/black/dice_two.png£#dices/black/dice_two.png£#dices/black/dice_one.png£#dices/black/dice_flash.png£', NULL, NULL),
(689, 12, 25, 1, 'throw_dices', '¤indiµ ##monsters/to-left/regular/giga-zaur.png££ a obtenu #dices/black/dice_paw.png£#dices/black/dice_paw.png£#dices/black/dice_heart.png£#dices/black/dice_three.png£#dices/black/dice_two_locked.png£#dices/black/dice_two_locked.png£', NULL, NULL),
(690, 12, 25, 1, 'throw_dices', '¤indiµ ##monsters/to-left/regular/giga-zaur.png££ a obtenu #dices/black/dice_paw_locked.png£#dices/black/dice_paw_locked.png£#dices/black/dice_heart.png£#dices/black/dice_heart.png£#dices/black/dice_two_locked.png£#dices/black/dice_two_locked.png£', NULL, NULL),
(691, 12, 25, 1, 'resolve_order_dices', '¤indiµ ##monsters/to-left/regular/giga-zaur.png££ a choisi cet ordre de résolution: #dices/black/dice_two.png£#dices/black/dice_two.png£ #dices/black/dice_paw.png£#dices/black/dice_paw.png£ #dices/black/dice_heart.png£#dices/black/dice_heart.png£ ', NULL, NULL),
(692, 12, 25, 1, 'resolve_dices_victory', '¤indiµ ##monsters/to-left/regular/giga-zaur.png££ a gagné 0#symbols/star.png£', NULL, NULL),
(693, 12, 25, 1, 'resolve_dices_paw', '¤indiµ ##monsters/to-left/regular/giga-zaur.png££ a attaqué sky ##monsters/to-right/regular/rozy-pony.png££ dans Tokyo avec #dices/black/dice_paw.png£#dices/black/dice_paw.png£', NULL, NULL),
(694, 12, 24, 1, 'ask_to_leave_tokyo', '¤skyµ ##monsters/to-right/regular/rozy-pony.png££ est resté dans Tokyo', NULL, NULL),
(695, 12, 25, 1, 'resolve_dices_heart', '¤indiµ ##monsters/to-right/regular/giga-zaur.png££ a gagné 0#symbols/heart.png£', NULL, NULL),
(696, 12, 25, 1, 'enter_tokyo_bay', '¤indiµ ##monsters/to-right/regular/giga-zaur.png££ est entré dans Tokyo Bay et a gagné 1#symbols/star.png£', NULL, NULL),
(697, 12, 27, 1, 'start_turn', 'Le tour de ¤ninjaµ ##monsters/to-left/regular/cybertooth.png££ a commencé.', NULL, NULL),
(698, 12, 27, 1, 'is_starting_in_city', '¤ninjaµ ##monsters/to-left/regular/cybertooth.png££ a commencé son tour hors de Tokyo et n\'a pas gagné de #symbols/star.png£', NULL, NULL),
(699, 12, 27, 1, 'throw_dices', '¤ninjaµ ##monsters/to-left/regular/cybertooth.png££ a obtenu #dices/black/dice_paw.png£#dices/black/dice_heart.png£#dices/black/dice_heart.png£#dices/black/dice_three.png£#dices/black/dice_two.png£#dices/black/dice_one.png£', NULL, NULL),
(700, 12, 27, 1, 'throw_dices', '¤ninjaµ ##monsters/to-left/regular/cybertooth.png££ a obtenu #dices/black/dice_paw_locked.png£#dices/black/dice_three.png£#dices/black/dice_two.png£#dices/black/dice_two.png£#dices/black/dice_one.png£#dices/black/dice_one.png£', NULL, NULL),
(701, 12, 27, 1, 'throw_dices', '¤ninjaµ ##monsters/to-left/regular/cybertooth.png££ a obtenu #dices/black/dice_paw_locked.png£#dices/black/dice_paw.png£#dices/black/dice_heart.png£#dices/black/dice_three.png£#dices/black/dice_three.png£#dices/black/dice_two.png£', NULL, NULL),
(702, 12, 27, 1, 'resolve_order_dices', '¤ninjaµ ##monsters/to-left/regular/cybertooth.png££ a choisi cet ordre de résolution: #dices/black/dice_two.png£#dices/black/dice_three.png£#dices/black/dice_three.png£ #dices/black/dice_heart.png£ #dices/black/dice_paw.png£#dices/black/dice_paw.png£ ', NULL, NULL),
(703, 12, 27, 1, 'resolve_dices_victory', '¤ninjaµ ##monsters/to-left/regular/cybertooth.png££ a gagné 0#symbols/star.png£', NULL, NULL),
(704, 12, 27, 1, 'resolve_dices_heart', '¤ninjaµ ##monsters/to-left/regular/cybertooth.png££ a gagné 1#symbols/heart.png£', NULL, NULL),
(705, 12, 27, 1, 'resolve_dices_paw', '¤ninjaµ ##monsters/to-left/regular/cybertooth.png££ a attaqué sky ##monsters/to-right/regular/rozy-pony.png££, indi ##monsters/to-right/regular/giga-zaur.png££ dans Tokyo avec #dices/black/dice_paw.png£#dices/black/dice_paw.png£', NULL, NULL),
(706, 12, 24, 1, 'ask_to_leave_tokyo', '¤skyµ ##monsters/to-left/regular/rozy-pony.png££ a fui Tokyo', NULL, NULL),
(707, 12, 25, 1, 'ask_to_leave_tokyo', '¤indiµ ##monsters/to-left/regular/giga-zaur.png££ a fui Tokyo', NULL, NULL),
(708, 12, 27, 1, 'enter_tokyo_city', '¤ninjaµ ##monsters/to-right/regular/cybertooth.png££ est entré dans Tokyo City et a gagné 1#symbols/star.png£', NULL, NULL),
(709, 12, 24, 1, 'start_turn', 'Le tour de ¤skyµ ##monsters/to-left/regular/rozy-pony.png££ a commencé.', NULL, NULL),
(710, 12, 24, 1, 'is_starting_in_city', '¤skyµ ##monsters/to-left/regular/rozy-pony.png££ a commencé son tour hors de Tokyo et n\'a pas gagné de #symbols/star.png£', NULL, NULL),
(711, 12, 24, 1, 'throw_dices', '¤skyµ ##monsters/to-left/regular/rozy-pony.png££ a obtenu #dices/black/dice_heart.png£#dices/black/dice_two.png£#dices/black/dice_two.png£#dices/black/dice_two.png£#dices/black/dice_one.png£#dices/black/dice_one.png£', NULL, NULL),
(712, 12, 24, 1, 'throw_dices', '¤skyµ ##monsters/to-left/regular/rozy-pony.png££ a obtenu #dices/black/dice_heart.png£#dices/black/dice_two_locked.png£#dices/black/dice_two_locked.png£#dices/black/dice_two_locked.png£#dices/black/dice_two.png£#dices/black/dice_one.png£', NULL, NULL),
(713, 12, 24, 1, 'throw_dices', '¤skyµ ##monsters/to-left/regular/rozy-pony.png££ a obtenu #dices/black/dice_three.png£#dices/black/dice_two_locked.png£#dices/black/dice_two_locked.png£#dices/black/dice_two_locked.png£#dices/black/dice_two_locked.png£#dices/black/dice_one.png£', NULL, NULL),
(714, 12, 24, 1, 'resolve_dices_victory', '¤skyµ ##monsters/to-right/regular/rozy-pony.png££ a gagné 3#symbols/star.png£', NULL, NULL),
(715, 12, 24, 1, 'enter_tokyo_bay', '¤skyµ ##monsters/to-right/regular/rozy-pony.png££ est entré dans Tokyo Bay et a gagné 1#symbols/star.png£', NULL, NULL),
(716, 12, 25, 1, 'start_turn', 'Le tour de ¤indiµ ##monsters/to-left/regular/giga-zaur.png££ a commencé.', NULL, NULL),
(717, 12, 25, 1, 'is_starting_in_city', '¤indiµ ##monsters/to-left/regular/giga-zaur.png££ a commencé son tour hors de Tokyo et n\'a pas gagné de #symbols/star.png£', NULL, NULL),
(718, 12, 25, 1, 'throw_dices', '¤indiµ ##monsters/to-left/regular/giga-zaur.png££ a obtenu #dices/black/dice_three.png£#dices/black/dice_two.png£#dices/black/dice_two.png£#dices/black/dice_two.png£#dices/black/dice_one.png£#dices/black/dice_flash.png£', NULL, NULL),
(719, 12, 25, 1, 'throw_dices', '¤indiµ ##monsters/to-left/regular/giga-zaur.png££ a obtenu #dices/black/dice_paw.png£#dices/black/dice_two_locked.png£#dices/black/dice_two_locked.png£#dices/black/dice_two_locked.png£#dices/black/dice_one.png£#dices/black/dice_flash.png£', NULL, NULL),
(720, 12, 25, 1, 'throw_dices', '¤indiµ ##monsters/to-left/regular/giga-zaur.png££ a obtenu #dices/black/dice_paw_locked.png£#dices/black/dice_paw.png£#dices/black/dice_two_locked.png£#dices/black/dice_two_locked.png£#dices/black/dice_two_locked.png£#dices/black/dice_one.png£', NULL, NULL),
(721, 12, 25, 1, 'resolve_order_dices', '¤indiµ ##monsters/to-left/regular/giga-zaur.png££ a choisi cet ordre de résolution: #dices/black/dice_one.png£#dices/black/dice_two.png£#dices/black/dice_two.png£#dices/black/dice_two.png£ #dices/black/dice_paw.png£#dices/black/dice_paw.png£ ', NULL, NULL),
(722, 12, 25, 1, 'resolve_dices_victory', '¤indiµ ##monsters/to-left/regular/giga-zaur.png££ a gagné 2#symbols/star.png£', NULL, NULL),
(723, 12, 25, 1, 'resolve_dices_paw', '¤indiµ ##monsters/to-left/regular/giga-zaur.png££ a attaqué sky ##monsters/to-right/regular/rozy-pony.png££, ninja ##monsters/to-right/regular/cybertooth.png££ dans Tokyo avec #dices/black/dice_paw.png£#dices/black/dice_paw.png£', NULL, NULL),
(724, 12, 24, 1, 'ask_to_leave_tokyo', '¤skyµ ##monsters/to-right/regular/rozy-pony.png££ est resté dans Tokyo', NULL, NULL),
(725, 12, 27, 1, 'ask_to_leave_tokyo', '¤ninjaµ ##monsters/to-left/regular/cybertooth.png££ a fui Tokyo', NULL, NULL),
(726, 12, 25, 1, 'enter_tokyo_city', '¤indiµ ##monsters/to-right/regular/giga-zaur.png££ est entré dans Tokyo City et a gagné 1#symbols/star.png£', NULL, NULL),
(727, 12, 27, 1, 'start_turn', 'Le tour de ¤ninjaµ ##monsters/to-left/regular/cybertooth.png££ a commencé.', NULL, NULL),
(728, 12, 27, 1, 'is_starting_in_city', '¤ninjaµ ##monsters/to-left/regular/cybertooth.png££ a commencé son tour hors de Tokyo et n\'a pas gagné de #symbols/star.png£', NULL, NULL),
(729, 12, 27, 1, 'throw_dices', '¤ninjaµ ##monsters/to-left/regular/cybertooth.png££ a obtenu #dices/black/dice_paw.png£#dices/black/dice_heart.png£#dices/black/dice_heart.png£#dices/black/dice_heart.png£#dices/black/dice_heart.png£#dices/black/dice_flash.png£', NULL, NULL),
(730, 12, 27, 1, 'throw_dices', '¤ninjaµ ##monsters/to-left/regular/cybertooth.png££ a obtenu #dices/black/dice_paw_locked.png£#dices/black/dice_paw.png£#dices/black/dice_heart_locked.png£#dices/black/dice_heart_locked.png£#dices/black/dice_two.png£#dices/black/dice_two.png£', NULL, NULL),
(731, 12, 27, 1, 'throw_dices', '¤ninjaµ ##monsters/to-left/regular/cybertooth.png££ a obtenu #dices/black/dice_paw_locked.png£#dices/black/dice_paw_locked.png£#dices/black/dice_heart_locked.png£#dices/black/dice_heart_locked.png£#dices/black/dice_three.png£#dices/black/dice_two.png£', NULL, NULL),
(732, 12, 27, 1, 'resolve_order_dices', '¤ninjaµ ##monsters/to-left/regular/cybertooth.png££ a choisi cet ordre de résolution: #dices/black/dice_heart.png£#dices/black/dice_heart.png£ #dices/black/dice_two.png£#dices/black/dice_three.png£ #dices/black/dice_paw.png£#dices/black/dice_paw.png£ ', NULL, NULL),
(733, 12, 27, 1, 'resolve_dices_heart', '¤ninjaµ ##monsters/to-left/regular/cybertooth.png££ a gagné 2#symbols/heart.png£', NULL, NULL),
(734, 12, 27, 1, 'resolve_dices_victory', '¤ninjaµ ##monsters/to-left/regular/cybertooth.png££ a gagné 0#symbols/star.png£', NULL, NULL),
(735, 12, 27, 1, 'resolve_dices_paw', '¤ninjaµ ##monsters/to-left/regular/cybertooth.png££ a attaqué sky ##monsters/to-right/regular/rozy-pony.png££, indi ##monsters/to-right/regular/giga-zaur.png££ dans Tokyo avec #dices/black/dice_paw.png£#dices/black/dice_paw.png£', NULL, NULL),
(736, 12, 24, 1, 'ask_to_leave_tokyo', '¤skyµ ##monsters/to-left/regular/rozy-pony.png££ a fui Tokyo', NULL, NULL),
(737, 12, 25, 1, 'ask_to_leave_tokyo', '¤indiµ ##monsters/to-right/regular/giga-zaur.png££ est resté dans Tokyo', NULL, NULL),
(738, 12, 27, 1, 'enter_tokyo_bay', '¤ninjaµ ##monsters/to-right/regular/cybertooth.png££ est entré dans Tokyo Bay et a gagné 1#symbols/star.png£', NULL, NULL),
(739, 12, 24, 1, 'start_turn', 'Le tour de ¤skyµ ##monsters/to-left/regular/rozy-pony.png££ a commencé.', NULL, NULL),
(740, 12, 24, 1, 'is_starting_in_city', '¤skyµ ##monsters/to-left/regular/rozy-pony.png££ a commencé son tour hors de Tokyo et n\'a pas gagné de #symbols/star.png£', NULL, NULL),
(741, 12, 24, 1, 'throw_dices', '¤skyµ ##monsters/to-left/regular/rozy-pony.png££ a obtenu #dices/black/dice_paw.png£#dices/black/dice_paw.png£#dices/black/dice_paw.png£#dices/black/dice_paw.png£#dices/black/dice_two.png£#dices/black/dice_flash.png£', NULL, NULL),
(742, 12, 24, 1, 'throw_dices', '¤skyµ ##monsters/to-left/regular/rozy-pony.png££ a obtenu #dices/black/dice_paw_locked.png£#dices/black/dice_paw_locked.png£#dices/black/dice_paw_locked.png£#dices/black/dice_paw_locked.png£#dices/black/dice_three.png£#dices/black/dice_two.png£', NULL, NULL),
(743, 12, 24, 1, 'throw_dices', '¤skyµ ##monsters/to-left/regular/rozy-pony.png££ a obtenu #dices/black/dice_paw_locked.png£#dices/black/dice_paw_locked.png£#dices/black/dice_paw_locked.png£#dices/black/dice_paw_locked.png£#dices/black/dice_heart.png£#dices/black/dice_flash.png£', NULL, NULL),
(744, 12, 24, 1, 'resolve_order_dices', '¤skyµ ##monsters/to-left/regular/rozy-pony.png££ a choisi cet ordre de résolution: #dices/black/dice_heart.png£ #dices/black/dice_paw.png£#dices/black/dice_paw.png£#dices/black/dice_paw.png£#dices/black/dice_paw.png£ #dices/black/dice_flash.png£ ', NULL, NULL),
(745, 12, 24, 1, 'resolve_dices_heart', '¤skyµ ##monsters/to-left/regular/rozy-pony.png££ a gagné 1#symbols/heart.png£', NULL, NULL),
(746, 12, 24, 1, 'resolve_dices_paw', '¤skyµ ##monsters/to-left/regular/rozy-pony.png££ a attaqué indi ##monsters/to-right/regular/giga-zaur.png££, ninja ##monsters/to-right/regular/cybertooth.png££ dans Tokyo avec #dices/black/dice_paw.png£#dices/black/dice_paw.png£#dices/black/dice_paw.png£#dices/black/dice_paw.png£', NULL, NULL),
(747, 12, 25, 1, 'ask_to_leave_tokyo', '¤indiµ ##monsters/to-right/regular/giga-zaur.png££ est resté dans Tokyo', NULL, NULL),
(748, 12, 27, 1, 'ask_to_leave_tokyo', '¤ninjaµ ##monsters/to-right/regular/cybertooth.png££ est resté dans Tokyo', NULL, NULL),
(749, 12, 24, 1, 'resolve_dices_flash', '¤skyµ ##monsters/to-left/regular/rozy-pony.png££ a gagné 1#symbols/flash.png£', NULL, NULL),
(750, 12, 25, 1, 'start_turn', 'Le tour de ¤indiµ ##monsters/to-right/regular/giga-zaur.png££ a commencé.', NULL, NULL),
(751, 12, 25, 1, 'is_starting_in_city', '¤indiµ ##monsters/to-right/regular/giga-zaur.png££ a commencé son tour dans Tokyo et gagné 2#symbols/star.png£', NULL, NULL),
(752, 12, 25, 1, 'throw_dices', '¤indiµ ##monsters/to-right/regular/giga-zaur.png££ a obtenu #dices/black/dice_three.png£#dices/black/dice_three.png£#dices/black/dice_two.png£#dices/black/dice_one.png£#dices/black/dice_one.png£#dices/black/dice_one.png£', NULL, NULL),
(753, 12, 25, 1, 'throw_dices', '¤indiµ ##monsters/to-right/regular/giga-zaur.png££ a obtenu #dices/black/dice_three.png£#dices/black/dice_two.png£#dices/black/dice_two.png£#dices/black/dice_two.png£#dices/black/dice_one.png£#dices/black/dice_one.png£', NULL, NULL),
(754, 12, 25, 1, 'throw_dices', '¤indiµ ##monsters/to-right/regular/giga-zaur.png££ a obtenu #dices/black/dice_three.png£#dices/black/dice_two_locked.png£#dices/black/dice_two_locked.png£#dices/black/dice_two_locked.png£#dices/black/dice_flash.png£#dices/black/dice_flash.png£', NULL, NULL),
(755, 12, 25, 1, 'resolve_order_dices', '¤indiµ ##monsters/to-right/regular/giga-zaur.png££ a choisi cet ordre de résolution: #dices/black/dice_two.png£#dices/black/dice_two.png£#dices/black/dice_two.png£#dices/black/dice_three.png£ #dices/black/dice_flash.png£#dices/black/dice_flash.png£ ', NULL, NULL),
(756, 12, 25, 1, 'resolve_dices_victory', '¤indiµ ##monsters/to-right/regular/giga-zaur.png££ a gagné 2#symbols/star.png£', NULL, NULL),
(757, 12, 25, 1, 'resolve_dices_flash', '¤indiµ ##monsters/to-right/regular/giga-zaur.png££ a gagné 2#symbols/flash.png£', NULL, NULL),
(758, 12, 27, 1, 'start_turn', 'Le tour de ¤ninjaµ ##monsters/to-right/regular/cybertooth.png££ a commencé.', NULL, NULL),
(759, 12, 27, 1, 'is_starting_in_city', '¤ninjaµ ##monsters/to-right/regular/cybertooth.png££ a commencé son tour dans Tokyo et gagné 2#symbols/star.png£', NULL, NULL),
(760, 12, 27, 1, 'throw_dices', '¤ninjaµ ##monsters/to-right/regular/cybertooth.png££ a obtenu #dices/black/dice_heart.png£#dices/black/dice_two.png£#dices/black/dice_one.png£#dices/black/dice_one.png£#dices/black/dice_one.png£#dices/black/dice_flash.png£', NULL, NULL),
(761, 12, 27, 1, 'throw_dices', '¤ninjaµ ##monsters/to-right/regular/cybertooth.png££ a obtenu #dices/black/dice_paw.png£#dices/black/dice_heart.png£#dices/black/dice_heart.png£#dices/black/dice_three.png£#dices/black/dice_two.png£#dices/black/dice_two.png£', NULL, NULL),
(762, 12, 27, 1, 'throw_dices', '¤ninjaµ ##monsters/to-right/regular/cybertooth.png££ a obtenu #dices/black/dice_paw_locked.png£#dices/black/dice_paw.png£#dices/black/dice_heart.png£#dices/black/dice_heart.png£#dices/black/dice_one.png£#dices/black/dice_one.png£', NULL, NULL),
(763, 12, 27, 1, 'resolve_order_dices', '¤ninjaµ ##monsters/to-right/regular/cybertooth.png££ a choisi cet ordre de résolution: #dices/black/dice_one.png£#dices/black/dice_one.png£ #dices/black/dice_paw.png£#dices/black/dice_paw.png£ #dices/black/dice_heart.png£#dices/black/dice_heart.png£ ', NULL, NULL),
(764, 12, 27, 1, 'resolve_dices_victory', '¤ninjaµ ##monsters/to-right/regular/cybertooth.png££ a gagné 0#symbols/star.png£', NULL, NULL),
(765, 12, 27, 1, 'resolve_dices_paw', '¤ninjaµ ##monsters/to-right/regular/cybertooth.png££ a attaqué sky ##monsters/to-left/regular/rozy-pony.png££ hors de Tokyo avec #dices/black/dice_paw.png£#dices/black/dice_paw.png£', NULL, NULL),
(766, 12, 27, 1, 'resolve_dices_heart', '¤ninjaµ ##monsters/to-right/regular/cybertooth.png££ a gagné 0#symbols/heart.png£', NULL, NULL),
(767, 12, 24, 1, 'start_turn', 'Le tour de ¤skyµ ##monsters/to-left/regular/rozy-pony.png££ a commencé.', NULL, NULL),
(768, 12, 24, 1, 'is_starting_in_city', '¤skyµ ##monsters/to-left/regular/rozy-pony.png££ a commencé son tour hors de Tokyo et n\'a pas gagné de #symbols/star.png£', NULL, NULL),
(769, 12, 24, 1, 'throw_dices', '¤skyµ ##monsters/to-left/regular/rozy-pony.png££ a obtenu #dices/black/dice_paw.png£#dices/black/dice_paw.png£#dices/black/dice_three.png£#dices/black/dice_two.png£#dices/black/dice_two.png£#dices/black/dice_flash.png£', NULL, NULL),
(770, 12, 24, 1, 'resolve_order_dices', '¤skyµ ##monsters/to-left/regular/rozy-pony.png££ a choisi cet ordre de résolution: #dices/black/dice_two.png£#dices/black/dice_two.png£#dices/black/dice_three.png£ #dices/black/dice_paw.png£#dices/black/dice_paw.png£ #dices/black/dice_flash.png£ ', NULL, NULL),
(771, 12, 24, 1, 'resolve_dices_victory', '¤skyµ ##monsters/to-left/regular/rozy-pony.png££ a gagné 0#symbols/star.png£', NULL, NULL),
(772, 12, 24, 1, 'resolve_dices_paw', '¤skyµ ##monsters/to-left/regular/rozy-pony.png££ a attaqué ninja ##monsters/to-right/regular/cybertooth.png££ dans Tokyo avec #dices/black/dice_paw.png£#dices/black/dice_paw.png£', NULL, NULL),
(773, 12, 24, 1, 'are_dead', '¤indiµ ##monsters/to-left/regular/giga-zaur.png££ est #/symbols/dead.png£ !', 27, 'ask_to_leave_tokyo'),
(774, 12, 27, 1, 'ask_to_leave_tokyo', '¤ninjaµ ##monsters/to-right/regular/cybertooth.png££ est resté dans Tokyo', NULL, NULL),
(775, 12, 24, 1, 'resolve_dices_flash', '¤skyµ ##monsters/to-right/regular/rozy-pony.png££ a gagné 1#symbols/flash.png£', NULL, NULL),
(776, 12, 24, 1, 'enter_tokyo_city', '¤skyµ ##monsters/to-right/regular/rozy-pony.png££ est entré dans Tokyo City et a gagné 1#symbols/star.png£', NULL, NULL),
(777, 12, 27, 1, 'start_turn', 'Le tour de ¤ninjaµ ##monsters/to-right/regular/cybertooth.png££ a commencé.', NULL, NULL),
(778, 12, 27, 1, 'is_starting_in_city', '¤ninjaµ ##monsters/to-right/regular/cybertooth.png££ a commencé son tour dans Tokyo et gagné 2#symbols/star.png£', NULL, NULL),
(779, 12, 27, 1, 'throw_dices', '¤ninjaµ ##monsters/to-right/regular/cybertooth.png££ a obtenu #dices/black/dice_paw.png£#dices/black/dice_heart.png£#dices/black/dice_three.png£#dices/black/dice_two.png£#dices/black/dice_two.png£#dices/black/dice_flash.png£', NULL, NULL),
(780, 12, 27, 1, 'throw_dices', '¤ninjaµ ##monsters/to-right/regular/cybertooth.png££ a obtenu #dices/black/dice_paw.png£#dices/black/dice_three.png£#dices/black/dice_two_locked.png£#dices/black/dice_two_locked.png£#dices/black/dice_one.png£#dices/black/dice_one.png£', NULL, NULL),
(781, 12, 27, 1, 'throw_dices', '¤ninjaµ ##monsters/to-right/regular/cybertooth.png££ a obtenu #dices/black/dice_heart.png£#dices/black/dice_heart.png£#dices/black/dice_two_locked.png£#dices/black/dice_two_locked.png£#dices/black/dice_one.png£#dices/black/dice_one.png£', NULL, NULL),
(782, 12, 27, 1, 'resolve_order_dices', '¤ninjaµ ##monsters/to-right/regular/cybertooth.png££ a choisi cet ordre de résolution: #dices/black/dice_one.png£#dices/black/dice_one.png£#dices/black/dice_two.png£#dices/black/dice_two.png£ #dices/black/dice_heart.png£#dices/black/dice_heart.png£ ', NULL, NULL),
(783, 12, 27, 1, 'resolve_dices_victory', '¤ninjaµ ##monsters/to-right/regular/cybertooth.png££ a gagné 0#symbols/star.png£', NULL, NULL),
(784, 12, 27, 1, 'resolve_dices_heart', '¤ninjaµ ##monsters/to-left/regular/cybertooth.png££ a gagné 2#symbols/heart.png£', NULL, NULL),
(785, 12, 27, 1, 'out_of_tokyo_bay', '¤ninjaµ ##monsters/to-left/regular/cybertooth.png££ est sorti de Tokyo Bay car il reste moins de 5 joueurs en jeu', NULL, NULL),
(786, 12, 24, 1, 'start_turn', 'Le tour de ¤skyµ ##monsters/to-right/regular/rozy-pony.png££ a commencé.', NULL, NULL),
(787, 12, 24, 1, 'is_starting_in_city', '¤skyµ ##monsters/to-right/regular/rozy-pony.png££ a commencé son tour dans Tokyo et gagné 2#symbols/star.png£', NULL, NULL),
(788, 12, 24, 1, 'throw_dices', '¤skyµ ##monsters/to-right/regular/rozy-pony.png££ a obtenu #dices/black/dice_paw.png£#dices/black/dice_heart.png£#dices/black/dice_three.png£#dices/black/dice_three.png£#dices/black/dice_three.png£#dices/black/dice_one.png£', NULL, NULL);
INSERT INTO `log` (`id`, `game_id`, `player_id`, `is_done`, `action`, `message`, `next_player_id`, `next_action`) VALUES
(789, 12, 24, 1, 'throw_dices', '¤skyµ ##monsters/to-right/regular/rozy-pony.png££ a obtenu #dices/black/dice_paw_locked.png£#dices/black/dice_three_locked.png£#dices/black/dice_three_locked.png£#dices/black/dice_three_locked.png£#dices/black/dice_three.png£#dices/black/dice_two.png£', NULL, NULL),
(790, 12, 24, 1, 'throw_dices', '¤skyµ ##monsters/to-right/regular/rozy-pony.png££ a obtenu #dices/black/dice_paw_locked.png£#dices/black/dice_three_locked.png£#dices/black/dice_three_locked.png£#dices/black/dice_three_locked.png£#dices/black/dice_three_locked.png£#dices/black/dice_flash.png£', NULL, NULL),
(791, 12, 24, 1, 'resolve_order_dices', '¤skyµ ##monsters/to-right/regular/rozy-pony.png££ a choisi cet ordre de résolution: #dices/black/dice_three.png£#dices/black/dice_three.png£#dices/black/dice_three.png£#dices/black/dice_three.png£ #dices/black/dice_paw.png£ #dices/black/dice_flash.png£ ', NULL, NULL),
(792, 12, 24, 1, 'resolve_dices_victory', '¤skyµ ##monsters/to-right/regular/rozy-pony.png££ a gagné 4#symbols/star.png£', NULL, NULL),
(793, 12, 24, 1, 'resolve_dices_paw', '¤skyµ ##monsters/to-right/regular/rozy-pony.png££ a attaqué indi ##monsters/to-left/regular/giga-zaur.png££, ninja ##monsters/to-left/regular/cybertooth.png££ hors de Tokyo avec #dices/black/dice_paw.png£', NULL, NULL),
(794, 12, 24, 1, 'resolve_dices_flash', '¤skyµ ##monsters/to-right/regular/rozy-pony.png££ a gagné 1#symbols/flash.png£', NULL, NULL),
(795, 12, 27, 1, 'start_turn', 'Le tour de ¤ninjaµ ##monsters/to-left/regular/cybertooth.png££ a commencé.', NULL, NULL),
(796, 12, 27, 1, 'is_starting_in_city', '¤ninjaµ ##monsters/to-left/regular/cybertooth.png££ a commencé son tour hors de Tokyo et n\'a pas gagné de #symbols/star.png£', NULL, NULL),
(797, 12, 27, 1, 'throw_dices', '¤ninjaµ ##monsters/to-left/regular/cybertooth.png££ a obtenu #dices/black/dice_paw.png£#dices/black/dice_paw.png£#dices/black/dice_two.png£#dices/black/dice_one.png£#dices/black/dice_one.png£#dices/black/dice_flash.png£', NULL, NULL),
(798, 12, 27, 1, 'throw_dices', '¤ninjaµ ##monsters/to-left/regular/cybertooth.png££ a obtenu #dices/black/dice_heart.png£#dices/black/dice_three.png£#dices/black/dice_two_locked.png£#dices/black/dice_one_locked.png£#dices/black/dice_one_locked.png£#dices/black/dice_flash_locked.png£', NULL, NULL),
(799, 12, 27, 1, 'resolve_order_dices', '¤ninjaµ ##monsters/to-left/regular/cybertooth.png££ a choisi cet ordre de résolution: #dices/black/dice_one.png£#dices/black/dice_one.png£#dices/black/dice_two.png£#dices/black/dice_three.png£ #dices/black/dice_heart.png£ #dices/black/dice_flash.png£ ', NULL, NULL),
(800, 12, 27, 1, 'resolve_dices_victory', '¤ninjaµ ##monsters/to-left/regular/cybertooth.png££ a gagné 0#symbols/star.png£', NULL, NULL),
(801, 12, 27, 1, 'resolve_dices_heart', '¤ninjaµ ##monsters/to-left/regular/cybertooth.png££ a gagné 1#symbols/heart.png£', NULL, NULL),
(802, 12, 27, 1, 'resolve_dices_flash', '¤ninjaµ ##monsters/to-left/regular/cybertooth.png££ a gagné 1#symbols/flash.png£', NULL, NULL),
(803, 12, 24, 1, 'start_turn', 'Le tour de ¤skyµ ##monsters/to-right/regular/rozy-pony.png££ a commencé.', NULL, NULL),
(804, 12, 24, 1, 'is_starting_in_city', '¤skyµ ##monsters/to-right/regular/rozy-pony.png££ a commencé son tour dans Tokyo et gagné 2#symbols/star.png£', NULL, NULL),
(805, 12, 24, 1, 'throw_dices', '¤skyµ ##monsters/to-right/regular/rozy-pony.png££ a obtenu #dices/black/dice_paw.png£#dices/black/dice_three.png£#dices/black/dice_two.png£#dices/black/dice_one.png£#dices/black/dice_flash.png£#dices/black/dice_flash.png£', NULL, NULL),
(806, 12, 24, 1, 'throw_dices', '¤skyµ ##monsters/to-right/regular/rozy-pony.png££ a obtenu #dices/black/dice_paw_locked.png£#dices/black/dice_paw.png£#dices/black/dice_paw.png£#dices/black/dice_paw.png£#dices/black/dice_heart.png£#dices/black/dice_flash.png£', NULL, NULL),
(807, 12, 24, 1, 'resolve_order_dices', '¤skyµ ##monsters/to-right/regular/rozy-pony.png££ a choisi cet ordre de résolution: #dices/black/dice_heart.png£ #dices/black/dice_flash.png£ #dices/black/dice_paw.png£#dices/black/dice_paw.png£#dices/black/dice_paw.png£#dices/black/dice_paw.png£ ', NULL, NULL),
(808, 12, 24, 1, 'resolve_dices_heart', '¤skyµ ##monsters/to-right/regular/rozy-pony.png££ a gagné 0#symbols/heart.png£', NULL, NULL),
(809, 12, 24, 1, 'resolve_dices_flash', '¤skyµ ##monsters/to-right/regular/rozy-pony.png££ a gagné 1#symbols/flash.png£', NULL, NULL),
(810, 12, 24, 1, 'resolve_dices_paw', '¤skyµ ##monsters/to-right/regular/rozy-pony.png££ a attaqué indi ##monsters/to-left/regular/giga-zaur.png££, ninja ##monsters/to-left/regular/cybertooth.png££ hors de Tokyo avec #dices/black/dice_paw.png£#dices/black/dice_paw.png£#dices/black/dice_paw.png£#dices/black/dice_paw.png£', NULL, NULL),
(811, 12, 24, 1, 'are_dead', '¤ninjaµ ##monsters/to-left/regular/cybertooth.png££ est #/symbols/dead.png£ !', 27, 'start_turn'),
(812, 12, 24, 0, 'has_won_by_killing', NULL, NULL, NULL),
(813, 13, 30, 1, 'start_turn', 'Le tour de ¤indiµ ##monsters/to-left/regular/the-king.png££ a commencé.', NULL, NULL),
(814, 13, 30, 1, 'is_starting_in_city', '¤indiµ ##monsters/to-left/regular/the-king.png££ a commencé son tour hors de Tokyo et n\'a pas gagné de #symbols/star.png£', NULL, NULL),
(815, 13, 30, 1, 'throw_dices', '¤indiµ ##monsters/to-left/regular/the-king.png££ a obtenu #dices/black/dice_paw.png£#dices/black/dice_paw.png£#dices/black/dice_paw.png£#dices/black/dice_heart.png£#dices/black/dice_one.png£#dices/black/dice_one.png£', NULL, NULL),
(816, 13, 30, 1, 'throw_dices', '¤indiµ ##monsters/to-left/regular/the-king.png££ a obtenu #dices/black/dice_heart.png£#dices/black/dice_two.png£#dices/black/dice_one_locked.png£#dices/black/dice_one_locked.png£#dices/black/dice_one.png£#dices/black/dice_flash.png£', NULL, NULL),
(817, 13, 30, 1, 'throw_dices', '¤indiµ ##monsters/to-left/regular/the-king.png££ a obtenu #dices/black/dice_paw.png£#dices/black/dice_one_locked.png£#dices/black/dice_one_locked.png£#dices/black/dice_one.png£#dices/black/dice_one.png£#dices/black/dice_flash.png£', NULL, NULL),
(818, 13, 30, 1, 'resolve_order_dices', '¤indiµ ##monsters/to-left/regular/the-king.png££ a choisi cet ordre de résolution: #dices/black/dice_one.png£#dices/black/dice_one.png£#dices/black/dice_one.png£#dices/black/dice_one.png£ #dices/black/dice_paw.png£ #dices/black/dice_flash.png£ ', NULL, NULL),
(819, 13, 30, 1, 'resolve_dices_victory', '¤indiµ ##monsters/to-left/regular/the-king.png££ a gagné 2#symbols/star.png£', NULL, NULL),
(820, 13, 30, 1, 'resolve_dices_paw', '¤indiµ ##monsters/to-left/regular/the-king.png££ a attaqué  dans Tokyo avec #dices/black/dice_paw.png£', NULL, NULL),
(821, 13, 30, 1, 'resolve_dices_flash', '¤indiµ ##monsters/to-right/regular/the-king.png££ a gagné 1#symbols/flash.png£', NULL, NULL),
(822, 13, 30, 1, 'enter_tokyo_city', '¤indiµ ##monsters/to-right/regular/the-king.png££ est entré dans Tokyo City et a gagné 1#symbols/star.png£', NULL, NULL),
(823, 13, 29, 1, 'start_turn', 'Le tour de ¤ninjaµ ##monsters/to-left/regular/sheriff.png££ a commencé.', NULL, NULL),
(824, 13, 29, 1, 'is_starting_in_city', '¤ninjaµ ##monsters/to-left/regular/sheriff.png££ a commencé son tour hors de Tokyo et n\'a pas gagné de #symbols/star.png£', NULL, NULL),
(825, 13, 29, 1, 'throw_dices', '¤ninjaµ ##monsters/to-left/regular/sheriff.png££ a obtenu #dices/black/dice_two.png£#dices/black/dice_two.png£#dices/black/dice_one.png£#dices/black/dice_flash.png£#dices/black/dice_flash.png£#dices/black/dice_flash.png£', NULL, NULL),
(826, 13, 29, 1, 'throw_dices', '¤ninjaµ ##monsters/to-left/regular/sheriff.png££ a obtenu #dices/black/dice_heart.png£#dices/black/dice_heart.png£#dices/black/dice_two.png£#dices/black/dice_one.png£#dices/black/dice_flash.png£#dices/black/dice_flash.png£', NULL, NULL),
(827, 13, 29, 1, 'throw_dices', '¤ninjaµ ##monsters/to-left/regular/sheriff.png££ a obtenu #dices/black/dice_paw.png£#dices/black/dice_heart.png£#dices/black/dice_three.png£#dices/black/dice_two.png£#dices/black/dice_one.png£#dices/black/dice_flash.png£', NULL, NULL),
(828, 13, 29, 1, 'resolve_order_dices', '¤ninjaµ ##monsters/to-left/regular/sheriff.png££ a choisi cet ordre de résolution: #dices/black/dice_one.png£#dices/black/dice_two.png£#dices/black/dice_three.png£ #dices/black/dice_heart.png£ #dices/black/dice_flash.png£ #dices/black/dice_paw.png£ ', NULL, NULL),
(829, 13, 29, 1, 'resolve_dices_victory', '¤ninjaµ ##monsters/to-left/regular/sheriff.png££ a gagné 0#symbols/star.png£', NULL, NULL),
(830, 13, 29, 1, 'resolve_dices_heart', '¤ninjaµ ##monsters/to-left/regular/sheriff.png££ a gagné 1#symbols/heart.png£', NULL, NULL),
(831, 13, 29, 1, 'resolve_dices_flash', '¤ninjaµ ##monsters/to-left/regular/sheriff.png££ a gagné 1#symbols/flash.png£', NULL, NULL),
(832, 13, 29, 1, 'resolve_dices_paw', '¤ninjaµ ##monsters/to-left/regular/sheriff.png££ a attaqué indi ##monsters/to-right/regular/the-king.png££ dans Tokyo avec #dices/black/dice_paw.png£', NULL, NULL),
(833, 13, 30, 1, 'ask_to_leave_tokyo', '¤indiµ ##monsters/to-right/regular/the-king.png££ est resté dans Tokyo', NULL, NULL),
(834, 13, 29, 1, 'enter_tokyo_bay', '¤ninjaµ ##monsters/to-right/regular/sheriff.png££ est entré dans Tokyo Bay et a gagné 1#symbols/star.png£', NULL, NULL),
(835, 13, 28, 1, 'start_turn', 'Le tour de ¤skyµ ##monsters/to-left/regular/kong.png££ a commencé.', NULL, NULL),
(836, 13, 28, 1, 'is_starting_in_city', '¤skyµ ##monsters/to-left/regular/kong.png££ a commencé son tour hors de Tokyo et n\'a pas gagné de #symbols/star.png£', NULL, NULL),
(837, 13, 28, 1, 'throw_dices', '¤skyµ ##monsters/to-left/regular/kong.png££ a obtenu #dices/black/dice_paw.png£#dices/black/dice_heart.png£#dices/black/dice_two.png£#dices/black/dice_two.png£#dices/black/dice_one.png£#dices/black/dice_one.png£', NULL, NULL),
(838, 13, 28, 1, 'throw_dices', '¤skyµ ##monsters/to-left/regular/kong.png££ a obtenu #dices/black/dice_paw_locked.png£#dices/black/dice_paw.png£#dices/black/dice_heart.png£#dices/black/dice_three.png£#dices/black/dice_two.png£#dices/black/dice_one.png£', NULL, NULL),
(839, 13, 28, 1, 'throw_dices', '¤skyµ ##monsters/to-left/regular/kong.png££ a obtenu #dices/black/dice_paw_locked.png£#dices/black/dice_paw_locked.png£#dices/black/dice_paw.png£#dices/black/dice_two.png£#dices/black/dice_flash.png£#dices/black/dice_flash.png£', NULL, NULL),
(840, 13, 28, 1, 'resolve_order_dices', '¤skyµ ##monsters/to-left/regular/kong.png££ a choisi cet ordre de résolution: #dices/black/dice_two.png£ #dices/black/dice_flash.png£#dices/black/dice_flash.png£ #dices/black/dice_paw.png£#dices/black/dice_paw.png£#dices/black/dice_paw.png£ ', NULL, NULL),
(841, 13, 28, 1, 'resolve_dices_victory', '¤skyµ ##monsters/to-left/regular/kong.png££ a gagné 0#symbols/star.png£', NULL, NULL),
(842, 13, 28, 1, 'resolve_dices_flash', '¤skyµ ##monsters/to-left/regular/kong.png££ a gagné 2#symbols/flash.png£', NULL, NULL),
(843, 13, 28, 1, 'resolve_dices_paw', '¤skyµ ##monsters/to-left/regular/kong.png££ a attaqué ninja ##monsters/to-right/regular/sheriff.png££, indi ##monsters/to-right/regular/the-king.png££ dans Tokyo avec #dices/black/dice_paw.png£#dices/black/dice_paw.png£#dices/black/dice_paw.png£', NULL, NULL),
(844, 13, 29, 1, 'ask_to_leave_tokyo', '¤ninjaµ ##monsters/to-right/regular/sheriff.png££ est resté dans Tokyo', NULL, NULL),
(845, 13, 30, 1, 'ask_to_leave_tokyo', '¤indiµ ##monsters/to-left/regular/the-king.png££ a fui Tokyo', NULL, NULL),
(846, 13, 28, 1, 'enter_tokyo_city', '¤skyµ ##monsters/to-right/regular/kong.png££ est entré dans Tokyo City et a gagné 1#symbols/star.png£', NULL, NULL),
(847, 13, 30, 1, 'start_turn', 'Le tour de ¤indiµ ##monsters/to-left/regular/the-king.png££ a commencé.', NULL, NULL),
(848, 13, 30, 1, 'is_starting_in_city', '¤indiµ ##monsters/to-left/regular/the-king.png££ a commencé son tour hors de Tokyo et n\'a pas gagné de #symbols/star.png£', NULL, NULL),
(849, 13, 30, 1, 'throw_dices', '¤indiµ ##monsters/to-left/regular/the-king.png££ a obtenu #dices/black/dice_paw.png£#dices/black/dice_heart.png£#dices/black/dice_heart.png£#dices/black/dice_three.png£#dices/black/dice_one.png£#dices/black/dice_one.png£', NULL, NULL),
(850, 13, 30, 1, 'throw_dices', '¤indiµ ##monsters/to-left/regular/the-king.png££ a obtenu #dices/black/dice_paw_locked.png£#dices/black/dice_paw.png£#dices/black/dice_heart_locked.png£#dices/black/dice_heart_locked.png£#dices/black/dice_three.png£#dices/black/dice_two.png£', NULL, NULL),
(851, 13, 30, 1, 'throw_dices', '¤indiµ ##monsters/to-left/regular/the-king.png££ a obtenu #dices/black/dice_paw_locked.png£#dices/black/dice_paw_locked.png£#dices/black/dice_paw.png£#dices/black/dice_heart_locked.png£#dices/black/dice_heart_locked.png£#dices/black/dice_flash.png£', NULL, NULL),
(852, 13, 30, 1, 'resolve_order_dices', '¤indiµ ##monsters/to-left/regular/the-king.png££ a choisi cet ordre de résolution: #dices/black/dice_paw.png£#dices/black/dice_paw.png£#dices/black/dice_paw.png£ #dices/black/dice_heart.png£#dices/black/dice_heart.png£ #dices/black/dice_flash.png£ ', NULL, NULL),
(853, 13, 30, 1, 'resolve_dices_paw', '¤indiµ ##monsters/to-left/regular/the-king.png££ a attaqué sky ##monsters/to-right/regular/kong.png££, ninja ##monsters/to-right/regular/sheriff.png££ dans Tokyo avec #dices/black/dice_paw.png£#dices/black/dice_paw.png£#dices/black/dice_paw.png£', NULL, NULL),
(854, 13, 28, 1, 'ask_to_leave_tokyo', '¤skyµ ##monsters/to-right/regular/kong.png££ est resté dans Tokyo', NULL, NULL),
(855, 13, 29, 1, 'ask_to_leave_tokyo', '¤ninjaµ ##monsters/to-right/regular/sheriff.png££ est resté dans Tokyo', NULL, NULL),
(856, 13, 30, 1, 'resolve_dices_heart', '¤indiµ ##monsters/to-left/regular/the-king.png££ a gagné 2#symbols/heart.png£', NULL, NULL),
(857, 13, 30, 1, 'resolve_dices_flash', '¤indiµ ##monsters/to-left/regular/the-king.png££ a gagné 1#symbols/flash.png£', NULL, NULL),
(858, 13, 29, 1, 'start_turn', 'Le tour de ¤ninjaµ ##monsters/to-right/regular/sheriff.png££ a commencé.', NULL, NULL),
(859, 13, 29, 1, 'is_starting_in_city', '¤ninjaµ ##monsters/to-right/regular/sheriff.png££ a commencé son tour dans Tokyo et gagné 2#symbols/star.png£', NULL, NULL),
(860, 13, 29, 1, 'throw_dices', '¤ninjaµ ##monsters/to-right/regular/sheriff.png££ a obtenu #dices/black/dice_paw.png£#dices/black/dice_heart.png£#dices/black/dice_heart.png£#dices/black/dice_three.png£#dices/black/dice_flash.png£#dices/black/dice_flash.png£', NULL, NULL),
(861, 13, 29, 1, 'throw_dices', '¤ninjaµ ##monsters/to-right/regular/sheriff.png££ a obtenu #dices/black/dice_paw_locked.png£#dices/black/dice_three.png£#dices/black/dice_one.png£#dices/black/dice_one.png£#dices/black/dice_flash_locked.png£#dices/black/dice_flash_locked.png£', NULL, NULL),
(862, 13, 29, 1, 'throw_dices', '¤ninjaµ ##monsters/to-right/regular/sheriff.png££ a obtenu #dices/black/dice_paw_locked.png£#dices/black/dice_paw.png£#dices/black/dice_paw.png£#dices/black/dice_three.png£#dices/black/dice_flash_locked.png£#dices/black/dice_flash_locked.png£', NULL, NULL),
(863, 13, 29, 1, 'resolve_order_dices', '¤ninjaµ ##monsters/to-right/regular/sheriff.png££ a choisi cet ordre de résolution: #dices/black/dice_paw.png£#dices/black/dice_paw.png£#dices/black/dice_paw.png£ #dices/black/dice_flash.png£#dices/black/dice_flash.png£ #dices/black/dice_three.png£ ', NULL, NULL),
(864, 13, 29, 1, 'resolve_dices_paw', '¤ninjaµ ##monsters/to-right/regular/sheriff.png££ a attaqué indi ##monsters/to-left/regular/the-king.png££ hors de Tokyo avec #dices/black/dice_paw.png£#dices/black/dice_paw.png£#dices/black/dice_paw.png£', NULL, NULL),
(865, 13, 29, 1, 'resolve_dices_flash', '¤ninjaµ ##monsters/to-right/regular/sheriff.png££ a gagné 2#symbols/flash.png£', NULL, NULL),
(866, 13, 29, 1, 'resolve_dices_victory', '¤ninjaµ ##monsters/to-right/regular/sheriff.png££ a gagné 0#symbols/star.png£', NULL, NULL),
(867, 13, 28, 1, 'start_turn', 'Le tour de ¤skyµ ##monsters/to-right/regular/kong.png££ a commencé.', NULL, NULL),
(868, 13, 28, 1, 'is_starting_in_city', '¤skyµ ##monsters/to-right/regular/kong.png££ a commencé son tour dans Tokyo et gagné 2#symbols/star.png£', NULL, NULL),
(869, 13, 28, 1, 'throw_dices', '¤skyµ ##monsters/to-right/regular/kong.png££ a obtenu #dices/black/dice_heart.png£#dices/black/dice_heart.png£#dices/black/dice_heart.png£#dices/black/dice_three.png£#dices/black/dice_three.png£#dices/black/dice_two.png£', NULL, NULL),
(870, 13, 28, 1, 'throw_dices', '¤skyµ ##monsters/to-right/regular/kong.png££ a obtenu #dices/black/dice_heart.png£#dices/black/dice_heart.png£#dices/black/dice_heart.png£#dices/black/dice_three_locked.png£#dices/black/dice_three_locked.png£#dices/black/dice_three.png£', NULL, NULL),
(871, 13, 28, 1, 'throw_dices', '¤skyµ ##monsters/to-right/regular/kong.png££ a obtenu #dices/black/dice_paw.png£#dices/black/dice_three_locked.png£#dices/black/dice_three_locked.png£#dices/black/dice_three_locked.png£#dices/black/dice_three.png£#dices/black/dice_two.png£', NULL, NULL),
(872, 13, 28, 1, 'resolve_order_dices', '¤skyµ ##monsters/to-right/regular/kong.png££ a choisi cet ordre de résolution: #dices/black/dice_two.png£#dices/black/dice_three.png£#dices/black/dice_three.png£#dices/black/dice_three.png£#dices/black/dice_three.png£ #dices/black/dice_paw.png£ ', NULL, NULL),
(873, 13, 28, 1, 'resolve_dices_victory', '¤skyµ ##monsters/to-right/regular/kong.png££ a gagné 4#symbols/star.png£', NULL, NULL),
(874, 13, 28, 1, 'resolve_dices_paw', '¤skyµ ##monsters/to-right/regular/kong.png££ a attaqué indi ##monsters/to-left/regular/the-king.png££ hors de Tokyo avec #dices/black/dice_paw.png£', NULL, NULL),
(875, 13, 30, 1, 'start_turn', 'Le tour de ¤indiµ ##monsters/to-left/regular/the-king.png££ a commencé.', NULL, NULL),
(876, 13, 30, 1, 'is_starting_in_city', '¤indiµ ##monsters/to-left/regular/the-king.png££ a commencé son tour hors de Tokyo et n\'a pas gagné de #symbols/star.png£', NULL, NULL),
(877, 13, 30, 1, 'throw_dices', '¤indiµ ##monsters/to-left/regular/the-king.png££ a obtenu #dices/black/dice_paw.png£#dices/black/dice_paw.png£#dices/black/dice_three.png£#dices/black/dice_three.png£#dices/black/dice_three.png£#dices/black/dice_flash.png£', NULL, NULL),
(878, 13, 30, 1, 'throw_dices', '¤indiµ ##monsters/to-left/regular/the-king.png££ a obtenu #dices/black/dice_paw_locked.png£#dices/black/dice_paw_locked.png£#dices/black/dice_heart.png£#dices/black/dice_two.png£#dices/black/dice_flash.png£#dices/black/dice_flash.png£', NULL, NULL),
(879, 13, 30, 1, 'throw_dices', '¤indiµ ##monsters/to-left/regular/the-king.png££ a obtenu #dices/black/dice_paw_locked.png£#dices/black/dice_paw_locked.png£#dices/black/dice_heart.png£#dices/black/dice_heart.png£#dices/black/dice_three.png£#dices/black/dice_three.png£', NULL, NULL),
(880, 13, 30, 1, 'resolve_order_dices', '¤indiµ ##monsters/to-left/regular/the-king.png££ a choisi cet ordre de résolution: #dices/black/dice_heart.png£#dices/black/dice_heart.png£ #dices/black/dice_three.png£#dices/black/dice_three.png£ #dices/black/dice_paw.png£#dices/black/dice_paw.png£ ', NULL, NULL),
(881, 13, 30, 1, 'resolve_dices_heart', '¤indiµ ##monsters/to-left/regular/the-king.png££ a gagné 2#symbols/heart.png£', NULL, NULL),
(882, 13, 30, 1, 'resolve_dices_victory', '¤indiµ ##monsters/to-left/regular/the-king.png££ a gagné 0#symbols/star.png£', NULL, NULL),
(883, 13, 30, 1, 'resolve_dices_paw', '¤indiµ ##monsters/to-left/regular/the-king.png££ a attaqué sky ##monsters/to-right/regular/kong.png££, ninja ##monsters/to-right/regular/sheriff.png££ dans Tokyo avec #dices/black/dice_paw.png£#dices/black/dice_paw.png£', NULL, NULL),
(884, 13, 28, 1, 'ask_to_leave_tokyo', '¤skyµ ##monsters/to-left/regular/kong.png££ a fui Tokyo', NULL, NULL),
(885, 13, 29, 1, 'ask_to_leave_tokyo', '¤ninjaµ ##monsters/to-right/regular/sheriff.png££ est resté dans Tokyo', NULL, NULL),
(886, 13, 30, 1, 'enter_tokyo_city', '¤indiµ ##monsters/to-right/regular/the-king.png££ est entré dans Tokyo City et a gagné 1#symbols/star.png£', NULL, NULL),
(887, 13, 29, 1, 'start_turn', 'Le tour de ¤ninjaµ ##monsters/to-right/regular/sheriff.png££ a commencé.', NULL, NULL),
(888, 13, 29, 1, 'is_starting_in_city', '¤ninjaµ ##monsters/to-right/regular/sheriff.png££ a commencé son tour dans Tokyo et gagné 2#symbols/star.png£', NULL, NULL),
(889, 13, 29, 1, 'throw_dices', '¤ninjaµ ##monsters/to-right/regular/sheriff.png££ a obtenu #dices/black/dice_paw.png£#dices/black/dice_three.png£#dices/black/dice_two.png£#dices/black/dice_two.png£#dices/black/dice_one.png£#dices/black/dice_flash.png£', NULL, NULL),
(890, 13, 29, 1, 'throw_dices', '¤ninjaµ ##monsters/to-right/regular/sheriff.png££ a obtenu #dices/black/dice_paw_locked.png£#dices/black/dice_three.png£#dices/black/dice_two_locked.png£#dices/black/dice_two_locked.png£#dices/black/dice_one.png£#dices/black/dice_one.png£', NULL, NULL),
(891, 13, 29, 1, 'throw_dices', '¤ninjaµ ##monsters/to-right/regular/sheriff.png££ a obtenu #dices/black/dice_paw_locked.png£#dices/black/dice_two_locked.png£#dices/black/dice_two_locked.png£#dices/black/dice_two.png£#dices/black/dice_one.png£#dices/black/dice_flash.png£', NULL, NULL),
(892, 13, 29, 1, 'resolve_order_dices', '¤ninjaµ ##monsters/to-right/regular/sheriff.png££ a choisi cet ordre de résolution: #dices/black/dice_one.png£#dices/black/dice_two.png£#dices/black/dice_two.png£#dices/black/dice_two.png£ #dices/black/dice_flash.png£ #dices/black/dice_paw.png£ ', NULL, NULL),
(893, 13, 29, 1, 'resolve_dices_victory', '¤ninjaµ ##monsters/to-right/regular/sheriff.png££ a gagné 2#symbols/star.png£', NULL, NULL),
(894, 13, 29, 1, 'resolve_dices_flash', '¤ninjaµ ##monsters/to-right/regular/sheriff.png££ a gagné 1#symbols/flash.png£', NULL, NULL),
(895, 13, 29, 1, 'resolve_dices_paw', '¤ninjaµ ##monsters/to-right/regular/sheriff.png££ a attaqué sky ##monsters/to-left/regular/kong.png££ hors de Tokyo avec #dices/black/dice_paw.png£', NULL, NULL),
(896, 13, 28, 1, 'start_turn', 'Le tour de ¤skyµ ##monsters/to-left/regular/kong.png££ a commencé.', NULL, NULL),
(897, 13, 28, 1, 'is_starting_in_city', '¤skyµ ##monsters/to-left/regular/kong.png££ a commencé son tour hors de Tokyo et n\'a pas gagné de #symbols/star.png£', NULL, NULL),
(898, 13, 28, 1, 'throw_dices', '¤skyµ ##monsters/to-left/regular/kong.png££ a obtenu #dices/black/dice_paw.png£#dices/black/dice_heart.png£#dices/black/dice_three.png£#dices/black/dice_three.png£#dices/black/dice_one.png£#dices/black/dice_flash.png£', NULL, NULL),
(899, 13, 28, 1, 'throw_dices', '¤skyµ ##monsters/to-left/regular/kong.png££ a obtenu #dices/black/dice_paw_locked.png£#dices/black/dice_paw.png£#dices/black/dice_three.png£#dices/black/dice_two.png£#dices/black/dice_flash.png£#dices/black/dice_flash.png£', NULL, NULL),
(900, 13, 28, 1, 'throw_dices', '¤skyµ ##monsters/to-left/regular/kong.png££ a obtenu #dices/black/dice_paw_locked.png£#dices/black/dice_paw_locked.png£#dices/black/dice_paw.png£#dices/black/dice_flash_locked.png£#dices/black/dice_flash_locked.png£#dices/black/dice_flash.png£', NULL, NULL),
(901, 13, 28, 1, 'resolve_order_dices', '¤skyµ ##monsters/to-left/regular/kong.png££ a choisi cet ordre de résolution: #dices/black/dice_paw.png£#dices/black/dice_paw.png£#dices/black/dice_paw.png£ #dices/black/dice_flash.png£#dices/black/dice_flash.png£#dices/black/dice_flash.png£ ', NULL, NULL),
(902, 13, 28, 1, 'resolve_dices_paw', '¤skyµ ##monsters/to-left/regular/kong.png££ a attaqué indi ##monsters/to-right/regular/the-king.png££ dans Tokyo avec #dices/black/dice_paw.png£#dices/black/dice_paw.png£#dices/black/dice_paw.png£', NULL, NULL),
(903, 13, 28, 1, 'are_dead', '¤ninjaµ ##monsters/to-left/regular/sheriff.png££ est #/symbols/dead.png£ !', 30, 'ask_to_leave_tokyo'),
(904, 13, 30, 1, 'ask_to_leave_tokyo', '¤indiµ ##monsters/to-right/regular/the-king.png££ est resté dans Tokyo', NULL, NULL),
(905, 13, 28, 1, 'resolve_dices_flash', '¤skyµ ##monsters/to-left/regular/kong.png££ a gagné 3#symbols/flash.png£', NULL, NULL),
(906, 13, 30, 1, 'start_turn', 'Le tour de ¤indiµ ##monsters/to-right/regular/the-king.png££ a commencé.', NULL, NULL),
(907, 13, 30, 1, 'is_starting_in_city', '¤indiµ ##monsters/to-right/regular/the-king.png££ a commencé son tour dans Tokyo et gagné 2#symbols/star.png£', NULL, NULL),
(908, 13, 30, 1, 'throw_dices', '¤indiµ ##monsters/to-right/regular/the-king.png££ a obtenu #dices/black/dice_paw.png£#dices/black/dice_paw.png£#dices/black/dice_paw.png£#dices/black/dice_three.png£#dices/black/dice_two.png£#dices/black/dice_flash.png£', NULL, NULL),
(909, 13, 30, 1, 'throw_dices', '¤indiµ ##monsters/to-right/regular/the-king.png££ a obtenu #dices/black/dice_paw_locked.png£#dices/black/dice_paw_locked.png£#dices/black/dice_paw_locked.png£#dices/black/dice_three.png£#dices/black/dice_three.png£#dices/black/dice_flash.png£', NULL, NULL),
(910, 13, 30, 1, 'resolve_order_dices', '¤indiµ ##monsters/to-right/regular/the-king.png££ a choisi cet ordre de résolution: #dices/black/dice_paw.png£#dices/black/dice_paw.png£#dices/black/dice_paw.png£ #dices/black/dice_three.png£#dices/black/dice_three.png£ #dices/black/dice_flash.png£ ', NULL, NULL),
(911, 13, 30, 1, 'resolve_dices_paw', '¤indiµ ##monsters/to-right/regular/the-king.png££ a attaqué sky ##monsters/to-left/regular/kong.png££, ninja ##monsters/to-left/regular/sheriff.png££ hors de Tokyo avec #dices/black/dice_paw.png£#dices/black/dice_paw.png£#dices/black/dice_paw.png£', NULL, NULL),
(912, 13, 30, 1, 'resolve_dices_victory', '¤indiµ ##monsters/to-right/regular/the-king.png££ a gagné 0#symbols/star.png£', NULL, NULL),
(913, 13, 30, 1, 'resolve_dices_flash', '¤indiµ ##monsters/to-right/regular/the-king.png££ a gagné 1#symbols/flash.png£', NULL, NULL),
(914, 13, 28, 1, 'start_turn', 'Le tour de ¤skyµ ##monsters/to-left/regular/kong.png££ a commencé.', NULL, NULL),
(915, 13, 28, 1, 'is_starting_in_city', '¤skyµ ##monsters/to-left/regular/kong.png££ a commencé son tour hors de Tokyo et n\'a pas gagné de #symbols/star.png£', NULL, NULL),
(916, 13, 28, 1, 'throw_dices', '¤skyµ ##monsters/to-left/regular/kong.png££ a obtenu #dices/black/dice_paw.png£#dices/black/dice_paw.png£#dices/black/dice_heart.png£#dices/black/dice_two.png£#dices/black/dice_flash.png£#dices/black/dice_flash.png£', NULL, NULL),
(917, 13, 28, 1, 'throw_dices', '¤skyµ ##monsters/to-left/regular/kong.png££ a obtenu #dices/black/dice_paw_locked.png£#dices/black/dice_paw_locked.png£#dices/black/dice_three.png£#dices/black/dice_flash.png£#dices/black/dice_flash.png£#dices/black/dice_flash.png£', NULL, NULL),
(918, 13, 28, 1, 'throw_dices', '¤skyµ ##monsters/to-left/regular/kong.png££ a obtenu #dices/black/dice_paw_locked.png£#dices/black/dice_paw_locked.png£#dices/black/dice_heart.png£#dices/black/dice_heart.png£#dices/black/dice_two.png£#dices/black/dice_flash.png£', NULL, NULL),
(919, 13, 28, 1, 'resolve_order_dices', '¤skyµ ##monsters/to-left/regular/kong.png££ a choisi cet ordre de résolution: #dices/black/dice_two.png£ #dices/black/dice_heart.png£#dices/black/dice_heart.png£ #dices/black/dice_flash.png£ #dices/black/dice_paw.png£#dices/black/dice_paw.png£ ', NULL, NULL),
(920, 13, 28, 1, 'resolve_dices_victory', '¤skyµ ##monsters/to-left/regular/kong.png££ a gagné 0#symbols/star.png£', NULL, NULL),
(921, 13, 28, 1, 'resolve_dices_heart', '¤skyµ ##monsters/to-left/regular/kong.png££ a gagné 2#symbols/heart.png£', NULL, NULL),
(922, 13, 28, 1, 'resolve_dices_flash', '¤skyµ ##monsters/to-left/regular/kong.png££ a gagné 1#symbols/flash.png£', NULL, NULL),
(923, 13, 28, 1, 'resolve_dices_paw', '¤skyµ ##monsters/to-left/regular/kong.png££ a attaqué indi ##monsters/to-right/regular/the-king.png££ dans Tokyo avec #dices/black/dice_paw.png£#dices/black/dice_paw.png£', NULL, NULL),
(924, 13, 30, 1, 'ask_to_leave_tokyo', '¤indiµ ##monsters/to-right/regular/the-king.png££ est resté dans Tokyo', NULL, NULL),
(925, 13, 30, 1, 'start_turn', 'Le tour de ¤indiµ ##monsters/to-right/regular/the-king.png££ a commencé.', NULL, NULL),
(926, 13, 30, 1, 'is_starting_in_city', '¤indiµ ##monsters/to-right/regular/the-king.png££ a commencé son tour dans Tokyo et gagné 2#symbols/star.png£', NULL, NULL),
(927, 13, 30, 1, 'throw_dices', '¤indiµ ##monsters/to-right/regular/the-king.png££ a obtenu #dices/black/dice_paw.png£#dices/black/dice_paw.png£#dices/black/dice_heart.png£#dices/black/dice_heart.png£#dices/black/dice_heart.png£#dices/black/dice_two.png£', NULL, NULL),
(928, 13, 30, 1, 'throw_dices', '¤indiµ ##monsters/to-right/regular/the-king.png££ a obtenu #dices/black/dice_paw_locked.png£#dices/black/dice_paw_locked.png£#dices/black/dice_paw.png£#dices/black/dice_two.png£#dices/black/dice_two.png£#dices/black/dice_one.png£', NULL, NULL),
(929, 13, 30, 1, 'throw_dices', '¤indiµ ##monsters/to-right/regular/the-king.png££ a obtenu #dices/black/dice_paw_locked.png£#dices/black/dice_paw_locked.png£#dices/black/dice_paw_locked.png£#dices/black/dice_paw.png£#dices/black/dice_three.png£#dices/black/dice_one.png£', NULL, NULL),
(930, 13, 30, 1, 'resolve_order_dices', '¤indiµ ##monsters/to-right/regular/the-king.png££ a choisi cet ordre de résolution: #dices/black/dice_paw.png£#dices/black/dice_paw.png£#dices/black/dice_paw.png£#dices/black/dice_paw.png£ #dices/black/dice_one.png£#dices/black/dice_three.png£ ', NULL, NULL),
(931, 13, 30, 1, 'resolve_dices_paw', '¤indiµ ##monsters/to-right/regular/the-king.png££ a attaqué sky ##monsters/to-left/regular/kong.png££, ninja ##monsters/to-left/regular/sheriff.png££ hors de Tokyo avec #dices/black/dice_paw.png£#dices/black/dice_paw.png£#dices/black/dice_paw.png£#dices/black/dice_paw.png£', NULL, NULL),
(932, 13, 30, 1, 'are_dead', '¤skyµ ##monsters/to-left/regular/kong.png££ est #/symbols/dead.png£ !', 30, 'resolve_dices_victory'),
(933, 13, 30, 0, 'has_won_by_killing', NULL, NULL, NULL),
(934, 14, 31, 1, 'start_turn', 'Le tour de ¤skyµ ##monsters/to-left/regular/ali-san.png££ a commencé.', NULL, NULL),
(935, 14, 31, 1, 'is_starting_in_city', '¤skyµ ##monsters/to-left/regular/ali-san.png££ a commencé son tour hors de Tokyo et n\'a pas gagné de #symbols/star.png£', NULL, NULL),
(936, 14, 31, 1, 'throw_dices', '¤skyµ ##monsters/to-left/regular/ali-san.png££ a obtenu #dices/black/dice_heart.png£#dices/black/dice_heart.png£#dices/black/dice_three.png£#dices/black/dice_one.png£#dices/black/dice_one.png£#dices/black/dice_flash.png£', NULL, NULL),
(937, 14, 31, 1, 'throw_dices', '¤skyµ ##monsters/to-left/regular/ali-san.png££ a obtenu #dices/black/dice_three.png£#dices/black/dice_three.png£#dices/black/dice_two.png£#dices/black/dice_one.png£#dices/black/dice_one.png£#dices/black/dice_flash_locked.png£', NULL, NULL),
(938, 14, 31, 1, 'throw_dices', '¤skyµ ##monsters/to-left/regular/ali-san.png££ a obtenu #dices/black/dice_heart.png£#dices/black/dice_three_locked.png£#dices/black/dice_three_locked.png£#dices/black/dice_three.png£#dices/black/dice_one.png£#dices/black/dice_flash_locked.png£', NULL, NULL),
(939, 14, 31, 1, 'resolve_order_dices', '¤skyµ ##monsters/to-left/regular/ali-san.png££ a choisi cet ordre de résolution: #dices/black/dice_one.png£#dices/black/dice_three.png£#dices/black/dice_three.png£#dices/black/dice_three.png£ #dices/black/dice_heart.png£ #dices/black/dice_flash.png£ ', NULL, NULL),
(940, 14, 31, 1, 'resolve_dices_victory', '¤skyµ ##monsters/to-left/regular/ali-san.png££ a gagné 3#symbols/star.png£', NULL, NULL),
(941, 14, 31, 1, 'resolve_dices_heart', '¤skyµ ##monsters/to-left/regular/ali-san.png££ a gagné 1#symbols/heart.png£', NULL, NULL),
(942, 14, 31, 1, 'resolve_dices_flash', '¤skyµ ##monsters/to-right/regular/ali-san.png££ a gagné 1#symbols/flash.png£', NULL, NULL),
(943, 14, 31, 1, 'enter_tokyo_city', '¤skyµ ##monsters/to-right/regular/ali-san.png££ est entré dans Tokyo City et a gagné 1#symbols/star.png£', NULL, NULL),
(944, 14, 32, 1, 'start_turn', 'Le tour de ¤ninjaµ ##monsters/to-left/regular/lollybot.png££ a commencé.', NULL, NULL),
(945, 14, 32, 1, 'is_starting_in_city', '¤ninjaµ ##monsters/to-left/regular/lollybot.png££ a commencé son tour hors de Tokyo et n\'a pas gagné de #symbols/star.png£', NULL, NULL),
(946, 14, 32, 1, 'throw_dices', '¤ninjaµ ##monsters/to-left/regular/lollybot.png££ a obtenu #dices/black/dice_paw.png£#dices/black/dice_paw.png£#dices/black/dice_paw.png£#dices/black/dice_heart.png£#dices/black/dice_three.png£#dices/black/dice_three.png£', NULL, NULL),
(947, 14, 32, 1, 'throw_dices', '¤ninjaµ ##monsters/to-left/regular/lollybot.png££ a obtenu #dices/black/dice_paw_locked.png£#dices/black/dice_paw_locked.png£#dices/black/dice_paw_locked.png£#dices/black/dice_three.png£#dices/black/dice_two.png£#dices/black/dice_one.png£', NULL, NULL),
(948, 14, 32, 1, 'throw_dices', '¤ninjaµ ##monsters/to-left/regular/lollybot.png££ a obtenu #dices/black/dice_paw_locked.png£#dices/black/dice_paw_locked.png£#dices/black/dice_paw_locked.png£#dices/black/dice_two.png£#dices/black/dice_two.png£#dices/black/dice_two.png£', NULL, NULL),
(949, 14, 32, 1, 'resolve_order_dices', '¤ninjaµ ##monsters/to-left/regular/lollybot.png££ a choisi cet ordre de résolution: #dices/black/dice_paw.png£#dices/black/dice_paw.png£#dices/black/dice_paw.png£ #dices/black/dice_two.png£#dices/black/dice_two.png£#dices/black/dice_two.png£ ', NULL, NULL),
(950, 14, 32, 1, 'resolve_dices_paw', '¤ninjaµ ##monsters/to-left/regular/lollybot.png££ a attaqué sky ##monsters/to-right/regular/ali-san.png££ dans Tokyo avec #dices/black/dice_paw.png£#dices/black/dice_paw.png£#dices/black/dice_paw.png£', NULL, NULL),
(951, 14, 31, 1, 'ask_to_leave_tokyo', '¤skyµ ##monsters/to-right/regular/ali-san.png££ est resté dans Tokyo', NULL, NULL),
(952, 14, 32, 1, 'resolve_dices_victory', '¤ninjaµ ##monsters/to-right/regular/lollybot.png££ a gagné 2#symbols/star.png£', NULL, NULL),
(953, 14, 32, 1, 'enter_tokyo_bay', '¤ninjaµ ##monsters/to-right/regular/lollybot.png££ est entré dans Tokyo Bay et a gagné 1#symbols/star.png£', NULL, NULL),
(954, 14, 33, 1, 'start_turn', 'Le tour de ¤indiµ ##monsters/to-left/regular/boogie-woogie.png££ a commencé.', NULL, NULL),
(955, 14, 33, 1, 'is_starting_in_city', '¤indiµ ##monsters/to-left/regular/boogie-woogie.png££ a commencé son tour hors de Tokyo et n\'a pas gagné de #symbols/star.png£', NULL, NULL),
(956, 14, 33, 1, 'throw_dices', '¤indiµ ##monsters/to-left/regular/boogie-woogie.png££ a obtenu #dices/black/dice_paw.png£#dices/black/dice_heart.png£#dices/black/dice_three.png£#dices/black/dice_three.png£#dices/black/dice_one.png£#dices/black/dice_flash.png£', NULL, NULL),
(957, 14, 33, 1, 'throw_dices', '¤indiµ ##monsters/to-left/regular/boogie-woogie.png££ a obtenu #dices/black/dice_paw_locked.png£#dices/black/dice_three_locked.png£#dices/black/dice_three_locked.png£#dices/black/dice_one.png£#dices/black/dice_one.png£#dices/black/dice_flash.png£', NULL, NULL),
(958, 14, 33, 1, 'throw_dices', '¤indiµ ##monsters/to-left/regular/boogie-woogie.png££ a obtenu #dices/black/dice_paw_locked.png£#dices/black/dice_heart.png£#dices/black/dice_three_locked.png£#dices/black/dice_three_locked.png£#dices/black/dice_one.png£#dices/black/dice_flash.png£', NULL, NULL),
(959, 14, 33, 1, 'resolve_order_dices', '¤indiµ ##monsters/to-left/regular/boogie-woogie.png££ a choisi cet ordre de résolution: #dices/black/dice_one.png£#dices/black/dice_three.png£#dices/black/dice_three.png£ #dices/black/dice_heart.png£ #dices/black/dice_flash.png£ #dices/black/dice_paw.png£ ', NULL, NULL),
(960, 14, 33, 1, 'resolve_dices_victory', '¤indiµ ##monsters/to-left/regular/boogie-woogie.png££ a gagné 0#symbols/star.png£', NULL, NULL),
(961, 14, 33, 1, 'resolve_dices_heart', '¤indiµ ##monsters/to-left/regular/boogie-woogie.png££ a gagné 1#symbols/heart.png£', NULL, NULL),
(962, 14, 33, 1, 'resolve_dices_flash', '¤indiµ ##monsters/to-left/regular/boogie-woogie.png££ a gagné 1#symbols/flash.png£', NULL, NULL),
(963, 14, 33, 1, 'resolve_dices_paw', '¤indiµ ##monsters/to-left/regular/boogie-woogie.png££ a attaqué sky ##monsters/to-right/regular/ali-san.png££, ninja ##monsters/to-right/regular/lollybot.png££ dans Tokyo avec #dices/black/dice_paw.png£', NULL, NULL),
(964, 14, 31, 1, 'ask_to_leave_tokyo', '¤skyµ ##monsters/to-left/regular/ali-san.png££ a fui Tokyo', NULL, NULL),
(965, 14, 32, 1, 'ask_to_leave_tokyo', '¤ninjaµ ##monsters/to-right/regular/lollybot.png££ est resté dans Tokyo', NULL, NULL),
(966, 14, 33, 1, 'enter_tokyo_city', '¤indiµ ##monsters/to-right/regular/boogie-woogie.png££ est entré dans Tokyo City et a gagné 1#symbols/star.png£', NULL, NULL),
(967, 14, 34, 1, 'start_turn', 'Le tour de ¤MEC COOLµ ##monsters/to-left/regular/cybertooth.png££ a commencé.', NULL, NULL),
(968, 14, 34, 1, 'is_starting_in_city', '¤MEC COOLµ ##monsters/to-left/regular/cybertooth.png££ a commencé son tour hors de Tokyo et n\'a pas gagné de #symbols/star.png£', NULL, NULL),
(969, 14, 34, 1, 'throw_dices', '¤MEC COOLµ ##monsters/to-left/regular/cybertooth.png££ a obtenu #dices/black/dice_three.png£#dices/black/dice_three.png£#dices/black/dice_two.png£#dices/black/dice_two.png£#dices/black/dice_one.png£#dices/black/dice_flash.png£', NULL, NULL),
(970, 14, 34, 1, 'throw_dices', '¤MEC COOLµ ##monsters/to-left/regular/cybertooth.png££ a obtenu #dices/black/dice_heart.png£#dices/black/dice_three_locked.png£#dices/black/dice_three_locked.png£#dices/black/dice_three.png£#dices/black/dice_one.png£#dices/black/dice_one.png£', NULL, NULL),
(971, 14, 34, 1, 'throw_dices', '¤MEC COOLµ ##monsters/to-left/regular/cybertooth.png££ a obtenu #dices/black/dice_three_locked.png£#dices/black/dice_three_locked.png£#dices/black/dice_three.png£#dices/black/dice_three.png£#dices/black/dice_three.png£#dices/black/dice_one.png£', NULL, NULL),
(972, 14, 34, 1, 'resolve_dices_victory', '¤MEC COOLµ ##monsters/to-left/regular/cybertooth.png££ a gagné 5#symbols/star.png£', NULL, NULL),
(973, 14, 31, 1, 'start_turn', 'Le tour de ¤skyµ ##monsters/to-left/regular/ali-san.png££ a commencé.', NULL, NULL),
(974, 14, 31, 1, 'is_starting_in_city', '¤skyµ ##monsters/to-left/regular/ali-san.png££ a commencé son tour hors de Tokyo et n\'a pas gagné de #symbols/star.png£', NULL, NULL),
(975, 14, 31, 1, 'throw_dices', '¤skyµ ##monsters/to-left/regular/ali-san.png££ a obtenu #dices/black/dice_paw.png£#dices/black/dice_heart.png£#dices/black/dice_heart.png£#dices/black/dice_two.png£#dices/black/dice_two.png£#dices/black/dice_one.png£', NULL, NULL),
(976, 14, 31, 1, 'throw_dices', '¤skyµ ##monsters/to-left/regular/ali-san.png££ a obtenu #dices/black/dice_paw_locked.png£#dices/black/dice_heart_locked.png£#dices/black/dice_heart_locked.png£#dices/black/dice_heart.png£#dices/black/dice_two.png£#dices/black/dice_one.png£', NULL, NULL),
(977, 14, 31, 1, 'throw_dices', '¤skyµ ##monsters/to-left/regular/ali-san.png££ a obtenu #dices/black/dice_paw_locked.png£#dices/black/dice_paw.png£#dices/black/dice_heart_locked.png£#dices/black/dice_heart_locked.png£#dices/black/dice_heart_locked.png£#dices/black/dice_one.png£', NULL, NULL),
(978, 14, 31, 1, 'resolve_order_dices', '¤skyµ ##monsters/to-left/regular/ali-san.png££ a choisi cet ordre de résolution: #dices/black/dice_heart.png£#dices/black/dice_heart.png£#dices/black/dice_heart.png£ #dices/black/dice_paw.png£#dices/black/dice_paw.png£ #dices/black/dice_one.png£ ', NULL, NULL),
(979, 14, 31, 1, 'resolve_dices_heart', '¤skyµ ##monsters/to-left/regular/ali-san.png££ a gagné 3#symbols/heart.png£', NULL, NULL),
(980, 14, 31, 1, 'resolve_dices_paw', '¤skyµ ##monsters/to-left/regular/ali-san.png££ a attaqué ninja ##monsters/to-right/regular/lollybot.png££, indi ##monsters/to-right/regular/boogie-woogie.png££ dans Tokyo avec #dices/black/dice_paw.png£#dices/black/dice_paw.png£', NULL, NULL),
(981, 14, 32, 1, 'ask_to_leave_tokyo', '¤ninjaµ ##monsters/to-right/regular/lollybot.png££ est resté dans Tokyo', NULL, NULL),
(982, 14, 33, 1, 'ask_to_leave_tokyo', '¤indiµ ##monsters/to-right/regular/boogie-woogie.png££ est resté dans Tokyo', NULL, NULL),
(983, 14, 31, 1, 'resolve_dices_victory', '¤skyµ ##monsters/to-left/regular/ali-san.png££ a gagné 0#symbols/star.png£', NULL, NULL),
(984, 14, 32, 1, 'start_turn', 'Le tour de ¤ninjaµ ##monsters/to-right/regular/lollybot.png££ a commencé.', NULL, NULL),
(985, 14, 32, 1, 'is_starting_in_city', '¤ninjaµ ##monsters/to-right/regular/lollybot.png££ a commencé son tour dans Tokyo et gagné 2#symbols/star.png£', NULL, NULL),
(986, 14, 32, 1, 'throw_dices', '¤ninjaµ ##monsters/to-right/regular/lollybot.png££ a obtenu #dices/black/dice_paw.png£#dices/black/dice_heart.png£#dices/black/dice_three.png£#dices/black/dice_two.png£#dices/black/dice_one.png£#dices/black/dice_flash.png£', NULL, NULL),
(987, 14, 32, 1, 'throw_dices', '¤ninjaµ ##monsters/to-right/regular/lollybot.png££ a obtenu #dices/black/dice_paw_locked.png£#dices/black/dice_paw.png£#dices/black/dice_two.png£#dices/black/dice_two.png£#dices/black/dice_one.png£#dices/black/dice_one.png£', NULL, NULL),
(988, 14, 32, 1, 'throw_dices', '¤ninjaµ ##monsters/to-right/regular/lollybot.png££ a obtenu #dices/black/dice_paw_locked.png£#dices/black/dice_paw_locked.png£#dices/black/dice_paw.png£#dices/black/dice_two.png£#dices/black/dice_two.png£#dices/black/dice_flash.png£', NULL, NULL),
(989, 14, 32, 1, 'resolve_order_dices', '¤ninjaµ ##monsters/to-right/regular/lollybot.png££ a choisi cet ordre de résolution: #dices/black/dice_two.png£#dices/black/dice_two.png£ #dices/black/dice_flash.png£ #dices/black/dice_paw.png£#dices/black/dice_paw.png£#dices/black/dice_paw.png£ ', NULL, NULL),
(990, 14, 32, 1, 'resolve_dices_victory', '¤ninjaµ ##monsters/to-right/regular/lollybot.png££ a gagné 0#symbols/star.png£', NULL, NULL),
(991, 14, 32, 1, 'resolve_dices_flash', '¤ninjaµ ##monsters/to-right/regular/lollybot.png££ a gagné 1#symbols/flash.png£', NULL, NULL),
(992, 14, 32, 1, 'resolve_dices_paw', '¤ninjaµ ##monsters/to-right/regular/lollybot.png££ a attaqué sky ##monsters/to-left/regular/ali-san.png££, MEC COOL ##monsters/to-left/regular/cybertooth.png££ hors de Tokyo avec #dices/black/dice_paw.png£#dices/black/dice_paw.png£#dices/black/dice_paw.png£', NULL, NULL),
(993, 14, 33, 1, 'start_turn', 'Le tour de ¤indiµ ##monsters/to-right/regular/boogie-woogie.png££ a commencé.', NULL, NULL),
(994, 14, 33, 1, 'is_starting_in_city', '¤indiµ ##monsters/to-right/regular/boogie-woogie.png££ a commencé son tour dans Tokyo et gagné 2#symbols/star.png£', NULL, NULL),
(995, 14, 33, 1, 'throw_dices', '¤indiµ ##monsters/to-right/regular/boogie-woogie.png££ a obtenu #dices/black/dice_paw.png£#dices/black/dice_heart.png£#dices/black/dice_two.png£#dices/black/dice_two.png£#dices/black/dice_one.png£#dices/black/dice_one.png£', NULL, NULL),
(996, 14, 33, 1, 'throw_dices', '¤indiµ ##monsters/to-right/regular/boogie-woogie.png££ a obtenu #dices/black/dice_paw_locked.png£#dices/black/dice_paw.png£#dices/black/dice_heart.png£#dices/black/dice_two.png£#dices/black/dice_one.png£#dices/black/dice_flash.png£', NULL, NULL),
(997, 14, 33, 1, 'throw_dices', '¤indiµ ##monsters/to-right/regular/boogie-woogie.png££ a obtenu #dices/black/dice_paw_locked.png£#dices/black/dice_paw_locked.png£#dices/black/dice_heart.png£#dices/black/dice_heart.png£#dices/black/dice_two.png£#dices/black/dice_one.png£', NULL, NULL),
(998, 14, 33, 1, 'resolve_order_dices', '¤indiµ ##monsters/to-right/regular/boogie-woogie.png££ a choisi cet ordre de résolution: #dices/black/dice_one.png£#dices/black/dice_two.png£ #dices/black/dice_heart.png£#dices/black/dice_heart.png£ #dices/black/dice_paw.png£#dices/black/dice_paw.png£ ', NULL, NULL),
(999, 14, 33, 1, 'resolve_dices_victory', '¤indiµ ##monsters/to-right/regular/boogie-woogie.png££ a gagné 0#symbols/star.png£', NULL, NULL),
(1000, 14, 33, 1, 'resolve_dices_heart', '¤indiµ ##monsters/to-right/regular/boogie-woogie.png££ a gagné 0#symbols/heart.png£', NULL, NULL),
(1001, 14, 33, 1, 'resolve_dices_paw', '¤indiµ ##monsters/to-right/regular/boogie-woogie.png££ a attaqué sky ##monsters/to-left/regular/ali-san.png££, MEC COOL ##monsters/to-left/regular/cybertooth.png££ hors de Tokyo avec #dices/black/dice_paw.png£#dices/black/dice_paw.png£', NULL, NULL),
(1002, 14, 34, 1, 'start_turn', 'Le tour de ¤MEC COOLµ ##monsters/to-left/regular/cybertooth.png££ a commencé.', NULL, NULL),
(1003, 14, 34, 1, 'is_starting_in_city', '¤MEC COOLµ ##monsters/to-left/regular/cybertooth.png££ a commencé son tour hors de Tokyo et n\'a pas gagné de #symbols/star.png£', NULL, NULL),
(1004, 14, 34, 1, 'throw_dices', '¤MEC COOLµ ##monsters/to-left/regular/cybertooth.png££ a obtenu #dices/black/dice_three.png£#dices/black/dice_three.png£#dices/black/dice_three.png£#dices/black/dice_three.png£#dices/black/dice_two.png£#dices/black/dice_flash.png£', NULL, NULL),
(1005, 14, 34, 1, 'throw_dices', '¤MEC COOLµ ##monsters/to-left/regular/cybertooth.png££ a obtenu #dices/black/dice_heart.png£#dices/black/dice_heart.png£#dices/black/dice_two.png£#dices/black/dice_two.png£#dices/black/dice_one.png£#dices/black/dice_one.png£', NULL, NULL),
(1006, 14, 34, 1, 'throw_dices', '¤MEC COOLµ ##monsters/to-left/regular/cybertooth.png££ a obtenu #dices/black/dice_paw.png£#dices/black/dice_heart_locked.png£#dices/black/dice_heart_locked.png£#dices/black/dice_two.png£#dices/black/dice_one.png£#dices/black/dice_flash.png£', NULL, NULL),
(1007, 14, 34, 1, 'resolve_order_dices', '¤MEC COOLµ ##monsters/to-left/regular/cybertooth.png££ a choisi cet ordre de résolution: #dices/black/dice_one.png£#dices/black/dice_two.png£ #dices/black/dice_paw.png£ #dices/black/dice_heart.png£#dices/black/dice_heart.png£ #dices/black/dice_flash.png£ ', NULL, NULL),
(1008, 14, 34, 1, 'resolve_dices_victory', '¤MEC COOLµ ##monsters/to-left/regular/cybertooth.png££ a gagné 0#symbols/star.png£', NULL, NULL),
(1009, 14, 34, 1, 'resolve_dices_paw', '¤MEC COOLµ ##monsters/to-left/regular/cybertooth.png££ a attaqué ninja ##monsters/to-right/regular/lollybot.png££, indi ##monsters/to-right/regular/boogie-woogie.png££ dans Tokyo avec #dices/black/dice_paw.png£', NULL, NULL),
(1010, 14, 32, 1, 'ask_to_leave_tokyo', '¤ninjaµ ##monsters/to-right/regular/lollybot.png££ est resté dans Tokyo', NULL, NULL),
(1011, 14, 33, 1, 'ask_to_leave_tokyo', '¤indiµ ##monsters/to-right/regular/boogie-woogie.png££ est resté dans Tokyo', NULL, NULL),
(1012, 14, 34, 1, 'resolve_dices_heart', '¤MEC COOLµ ##monsters/to-left/regular/cybertooth.png££ a gagné 2#symbols/heart.png£', NULL, NULL),
(1013, 14, 34, 1, 'resolve_dices_flash', '¤MEC COOLµ ##monsters/to-left/regular/cybertooth.png££ a gagné 1#symbols/flash.png£', NULL, NULL),
(1014, 14, 31, 1, 'start_turn', 'Le tour de ¤skyµ ##monsters/to-left/regular/ali-san.png££ a commencé.', NULL, NULL),
(1015, 14, 31, 1, 'is_starting_in_city', '¤skyµ ##monsters/to-left/regular/ali-san.png££ a commencé son tour hors de Tokyo et n\'a pas gagné de #symbols/star.png£', NULL, NULL),
(1016, 14, 31, 1, 'throw_dices', '¤skyµ ##monsters/to-left/regular/ali-san.png££ a obtenu #dices/black/dice_paw.png£#dices/black/dice_heart.png£#dices/black/dice_heart.png£#dices/black/dice_heart.png£#dices/black/dice_two.png£#dices/black/dice_one.png£', NULL, NULL),
(1017, 14, 31, 1, 'throw_dices', '¤skyµ ##monsters/to-left/regular/ali-san.png££ a obtenu #dices/black/dice_heart_locked.png£#dices/black/dice_heart_locked.png£#dices/black/dice_heart_locked.png£#dices/black/dice_heart.png£#dices/black/dice_three.png£#dices/black/dice_flash.png£', NULL, NULL),
(1018, 14, 31, 1, 'throw_dices', '¤skyµ ##monsters/to-left/regular/ali-san.png££ a obtenu #dices/black/dice_heart_locked.png£#dices/black/dice_heart_locked.png£#dices/black/dice_heart_locked.png£#dices/black/dice_heart_locked.png£#dices/black/dice_three.png£#dices/black/dice_three.png£', NULL, NULL),
(1019, 14, 31, 1, 'resolve_order_dices', '¤skyµ ##monsters/to-left/regular/ali-san.png££ a choisi cet ordre de résolution: #dices/black/dice_heart.png£#dices/black/dice_heart.png£#dices/black/dice_heart.png£#dices/black/dice_heart.png£ #dices/black/dice_three.png£#dices/black/dice_three.png£ ', NULL, NULL),
(1020, 14, 31, 1, 'resolve_dices_heart', '¤skyµ ##monsters/to-left/regular/ali-san.png££ a gagné 4#symbols/heart.png£', NULL, NULL),
(1021, 14, 31, 1, 'resolve_dices_victory', '¤skyµ ##monsters/to-left/regular/ali-san.png££ a gagné 0#symbols/star.png£', NULL, NULL),
(1022, 14, 32, 1, 'start_turn', 'Le tour de ¤ninjaµ ##monsters/to-right/regular/lollybot.png££ a commencé.', NULL, NULL),
(1023, 14, 32, 1, 'is_starting_in_city', '¤ninjaµ ##monsters/to-right/regular/lollybot.png££ a commencé son tour dans Tokyo et gagné 2#symbols/star.png£', NULL, NULL),
(1024, 14, 32, 1, 'throw_dices', '¤ninjaµ ##monsters/to-right/regular/lollybot.png££ a obtenu #dices/black/dice_paw.png£#dices/black/dice_paw.png£#dices/black/dice_three.png£#dices/black/dice_two.png£#dices/black/dice_one.png£#dices/black/dice_flash.png£', NULL, NULL),
(1025, 14, 32, 1, 'throw_dices', '¤ninjaµ ##monsters/to-right/regular/lollybot.png££ a obtenu #dices/black/dice_paw_locked.png£#dices/black/dice_paw_locked.png£#dices/black/dice_paw.png£#dices/black/dice_two.png£#dices/black/dice_flash.png£#dices/black/dice_flash.png£', NULL, NULL),
(1026, 14, 32, 1, 'throw_dices', '¤ninjaµ ##monsters/to-right/regular/lollybot.png££ a obtenu #dices/black/dice_paw_locked.png£#dices/black/dice_paw_locked.png£#dices/black/dice_paw_locked.png£#dices/black/dice_three.png£#dices/black/dice_three.png£#dices/black/dice_flash.png£', NULL, NULL),
(1027, 14, 32, 1, 'resolve_order_dices', '¤ninjaµ ##monsters/to-right/regular/lollybot.png££ a choisi cet ordre de résolution: #dices/black/dice_three.png£#dices/black/dice_three.png£ #dices/black/dice_flash.png£ #dices/black/dice_paw.png£#dices/black/dice_paw.png£#dices/black/dice_paw.png£ ', NULL, NULL),
(1028, 14, 32, 1, 'resolve_dices_victory', '¤ninjaµ ##monsters/to-right/regular/lollybot.png££ a gagné 0#symbols/star.png£', NULL, NULL),
(1029, 14, 32, 1, 'resolve_dices_flash', '¤ninjaµ ##monsters/to-right/regular/lollybot.png££ a gagné 1#symbols/flash.png£', NULL, NULL),
(1030, 14, 32, 1, 'resolve_dices_paw', '¤ninjaµ ##monsters/to-right/regular/lollybot.png££ a attaqué sky ##monsters/to-left/regular/ali-san.png££, MEC COOL ##monsters/to-left/regular/cybertooth.png££ hors de Tokyo avec #dices/black/dice_paw.png£#dices/black/dice_paw.png£#dices/black/dice_paw.png£', NULL, NULL),
(1031, 14, 33, 1, 'start_turn', 'Le tour de ¤indiµ ##monsters/to-right/regular/boogie-woogie.png££ a commencé.', NULL, NULL);
INSERT INTO `log` (`id`, `game_id`, `player_id`, `is_done`, `action`, `message`, `next_player_id`, `next_action`) VALUES
(1032, 14, 33, 1, 'is_starting_in_city', '¤indiµ ##monsters/to-right/regular/boogie-woogie.png££ a commencé son tour dans Tokyo et gagné 2#symbols/star.png£', NULL, NULL),
(1033, 14, 33, 1, 'throw_dices', '¤indiµ ##monsters/to-right/regular/boogie-woogie.png££ a obtenu #dices/black/dice_paw.png£#dices/black/dice_heart.png£#dices/black/dice_heart.png£#dices/black/dice_three.png£#dices/black/dice_three.png£#dices/black/dice_one.png£', NULL, NULL),
(1034, 14, 33, 1, 'throw_dices', '¤indiµ ##monsters/to-right/regular/boogie-woogie.png££ a obtenu #dices/black/dice_paw_locked.png£#dices/black/dice_heart.png£#dices/black/dice_heart.png£#dices/black/dice_three.png£#dices/black/dice_one.png£#dices/black/dice_one.png£', NULL, NULL),
(1035, 14, 33, 1, 'throw_dices', '¤indiµ ##monsters/to-right/regular/boogie-woogie.png££ a obtenu #dices/black/dice_paw_locked.png£#dices/black/dice_paw.png£#dices/black/dice_heart.png£#dices/black/dice_three.png£#dices/black/dice_three.png£#dices/black/dice_flash.png£', NULL, NULL),
(1036, 14, 33, 1, 'resolve_order_dices', '¤indiµ ##monsters/to-right/regular/boogie-woogie.png££ a choisi cet ordre de résolution: #dices/black/dice_three.png£#dices/black/dice_three.png£ #dices/black/dice_heart.png£ #dices/black/dice_flash.png£ #dices/black/dice_paw.png£#dices/black/dice_paw.png£ ', NULL, NULL),
(1037, 14, 33, 1, 'resolve_dices_victory', '¤indiµ ##monsters/to-right/regular/boogie-woogie.png££ a gagné 0#symbols/star.png£', NULL, NULL),
(1038, 14, 33, 1, 'resolve_dices_heart', '¤indiµ ##monsters/to-right/regular/boogie-woogie.png££ a gagné 0#symbols/heart.png£', NULL, NULL),
(1039, 14, 33, 1, 'resolve_dices_flash', '¤indiµ ##monsters/to-right/regular/boogie-woogie.png££ a gagné 1#symbols/flash.png£', NULL, NULL),
(1040, 14, 33, 1, 'resolve_dices_paw', '¤indiµ ##monsters/to-right/regular/boogie-woogie.png££ a attaqué sky ##monsters/to-left/regular/ali-san.png££, MEC COOL ##monsters/to-left/regular/cybertooth.png££ hors de Tokyo avec #dices/black/dice_paw.png£#dices/black/dice_paw.png£', NULL, NULL),
(1041, 14, 34, 1, 'start_turn', 'Le tour de ¤MEC COOLµ ##monsters/to-left/regular/cybertooth.png££ a commencé.', NULL, NULL),
(1042, 14, 34, 1, 'is_starting_in_city', '¤MEC COOLµ ##monsters/to-left/regular/cybertooth.png££ a commencé son tour hors de Tokyo et n\'a pas gagné de #symbols/star.png£', NULL, NULL),
(1043, 14, 34, 1, 'throw_dices', '¤MEC COOLµ ##monsters/to-left/regular/cybertooth.png££ a obtenu #dices/black/dice_paw.png£#dices/black/dice_heart.png£#dices/black/dice_three.png£#dices/black/dice_two.png£#dices/black/dice_two.png£#dices/black/dice_one.png£', NULL, NULL),
(1044, 14, 34, 1, 'throw_dices', '¤MEC COOLµ ##monsters/to-left/regular/cybertooth.png££ a obtenu #dices/black/dice_paw_locked.png£#dices/black/dice_heart.png£#dices/black/dice_heart.png£#dices/black/dice_one.png£#dices/black/dice_one.png£#dices/black/dice_flash.png£', NULL, NULL),
(1045, 14, 34, 1, 'throw_dices', '¤MEC COOLµ ##monsters/to-left/regular/cybertooth.png££ a obtenu #dices/black/dice_paw_locked.png£#dices/black/dice_three.png£#dices/black/dice_three.png£#dices/black/dice_three.png£#dices/black/dice_two.png£#dices/black/dice_one.png£', NULL, NULL),
(1046, 14, 34, 1, 'resolve_order_dices', '¤MEC COOLµ ##monsters/to-left/regular/cybertooth.png££ a choisi cet ordre de résolution: #dices/black/dice_one.png£#dices/black/dice_two.png£#dices/black/dice_three.png£#dices/black/dice_three.png£#dices/black/dice_three.png£ #dices/black/dice_paw.png£ ', NULL, NULL),
(1047, 14, 34, 1, 'resolve_dices_victory', '¤MEC COOLµ ##monsters/to-left/regular/cybertooth.png££ a gagné 3#symbols/star.png£', NULL, NULL),
(1048, 14, 34, 1, 'resolve_dices_paw', '¤MEC COOLµ ##monsters/to-left/regular/cybertooth.png££ a attaqué ninja ##monsters/to-right/regular/lollybot.png££, indi ##monsters/to-right/regular/boogie-woogie.png££ dans Tokyo avec #dices/black/dice_paw.png£', NULL, NULL),
(1049, 14, 32, 1, 'ask_to_leave_tokyo', '¤ninjaµ ##monsters/to-left/regular/lollybot.png££ a fui Tokyo', NULL, NULL),
(1050, 14, 33, 1, 'ask_to_leave_tokyo', '¤indiµ ##monsters/to-right/regular/boogie-woogie.png££ est resté dans Tokyo', NULL, NULL),
(1051, 14, 34, 1, 'enter_tokyo_bay', '¤MEC COOLµ ##monsters/to-right/regular/cybertooth.png££ est entré dans Tokyo Bay et a gagné 1#symbols/star.png£', NULL, NULL),
(1052, 14, 31, 1, 'start_turn', 'Le tour de ¤skyµ ##monsters/to-left/regular/ali-san.png££ a commencé.', NULL, NULL),
(1053, 14, 31, 1, 'is_starting_in_city', '¤skyµ ##monsters/to-left/regular/ali-san.png££ a commencé son tour hors de Tokyo et n\'a pas gagné de #symbols/star.png£', NULL, NULL),
(1054, 14, 31, 1, 'throw_dices', '¤skyµ ##monsters/to-left/regular/ali-san.png££ a obtenu #dices/black/dice_paw.png£#dices/black/dice_paw.png£#dices/black/dice_heart.png£#dices/black/dice_one.png£#dices/black/dice_flash.png£#dices/black/dice_flash.png£', NULL, NULL),
(1055, 14, 31, 1, 'throw_dices', '¤skyµ ##monsters/to-left/regular/ali-san.png££ a obtenu #dices/black/dice_paw_locked.png£#dices/black/dice_paw_locked.png£#dices/black/dice_heart_locked.png£#dices/black/dice_three.png£#dices/black/dice_two.png£#dices/black/dice_two.png£', NULL, NULL),
(1056, 14, 31, 1, 'throw_dices', '¤skyµ ##monsters/to-left/regular/ali-san.png££ a obtenu #dices/black/dice_paw_locked.png£#dices/black/dice_paw_locked.png£#dices/black/dice_heart_locked.png£#dices/black/dice_two.png£#dices/black/dice_one.png£#dices/black/dice_flash.png£', NULL, NULL),
(1057, 14, 31, 1, 'resolve_order_dices', '¤skyµ ##monsters/to-left/regular/ali-san.png££ a choisi cet ordre de résolution: #dices/black/dice_one.png£#dices/black/dice_two.png£ #dices/black/dice_heart.png£ #dices/black/dice_paw.png£#dices/black/dice_paw.png£ #dices/black/dice_flash.png£ ', NULL, NULL),
(1058, 14, 31, 1, 'resolve_dices_victory', '¤skyµ ##monsters/to-left/regular/ali-san.png££ a gagné 0#symbols/star.png£', NULL, NULL),
(1066, 14, 31, 1, 'resolve_dices_heart', '¤skyµ ##monsters/to-left/regular/ali-san.png££ a gagné 1#symbols/heart.png£', NULL, NULL),
(1067, 14, 31, 1, 'resolve_dices_paw', '¤skyµ ##monsters/to-left/regular/ali-san.png££ a attaqué indi ##monsters/to-right/regular/boogie-woogie.png££, MEC COOL ##monsters/to-right/regular/cybertooth.png££ dans Tokyo avec #dices/black/dice_paw.png£#dices/black/dice_paw.png£', NULL, NULL),
(1068, 14, 31, 1, 'are_dead', '¤indiµ ##monsters/to-left/regular/boogie-woogie.png££ est #/symbols/dead.png£ !, ¤MEC COOLµ ##monsters/to-left/regular/cybertooth.png££ est #/symbols/dead.png£ !', 31, 'resolve_dices_flash'),
(1069, 14, 31, 1, 'resolve_dices_flash', '¤skyµ ##monsters/to-right/regular/ali-san.png££ a gagné 1#symbols/flash.png£', NULL, NULL),
(1070, 14, 31, 1, 'enter_tokyo_city', '¤skyµ ##monsters/to-right/regular/ali-san.png££ est entré dans Tokyo City et a gagné 1#symbols/star.png£', NULL, NULL),
(1071, 14, 32, 1, 'start_turn', 'Le tour de ¤ninjaµ ##monsters/to-left/regular/lollybot.png££ a commencé.', NULL, NULL),
(1072, 14, 32, 1, 'is_starting_in_city', '¤ninjaµ ##monsters/to-left/regular/lollybot.png££ a commencé son tour hors de Tokyo et n\'a pas gagné de #symbols/star.png£', NULL, NULL),
(1073, 14, 32, 1, 'throw_dices', '¤ninjaµ ##monsters/to-left/regular/lollybot.png££ a obtenu #dices/black/dice_three.png£#dices/black/dice_three.png£#dices/black/dice_one.png£#dices/black/dice_one.png£#dices/black/dice_one.png£#dices/black/dice_flash.png£', NULL, NULL),
(1074, 14, 32, 1, 'throw_dices', '¤ninjaµ ##monsters/to-left/regular/lollybot.png££ a obtenu #dices/black/dice_paw.png£#dices/black/dice_heart.png£#dices/black/dice_one_locked.png£#dices/black/dice_one_locked.png£#dices/black/dice_one_locked.png£#dices/black/dice_flash.png£', NULL, NULL),
(1075, 14, 32, 0, 'throw_dices', NULL, NULL, NULL),
(1076, 10, 20, 1, 'is_starting_in_city', '¤indiµ ##monsters/to-right/regular/boogie-woogie.png££ a commencé son tour dans Tokyo et gagné 2#symbols/star.png£', NULL, NULL),
(1077, 10, 20, 1, 'throw_dices', '¤indiµ ##monsters/to-right/regular/boogie-woogie.png££ a obtenu #dices/black/dice_paw.png£#dices/black/dice_heart.png£#dices/black/dice_heart.png£#dices/black/dice_flash.png£#dices/black/dice_flash.png£#dices/black/dice_flash.png£', NULL, NULL),
(1078, 10, 20, 1, 'throw_dices', '¤indiµ ##monsters/to-right/regular/boogie-woogie.png££ a obtenu #dices/black/dice_paw.png£#dices/black/dice_three.png£#dices/black/dice_two.png£#dices/black/dice_flash.png£#dices/black/dice_flash.png£#dices/black/dice_flash.png£', NULL, NULL),
(1079, 10, 20, 1, 'throw_dices', '¤indiµ ##monsters/to-right/regular/boogie-woogie.png££ a obtenu #dices/black/dice_paw_locked.png£#dices/black/dice_paw.png£#dices/black/dice_three.png£#dices/black/dice_three.png£#dices/black/dice_flash.png£#dices/black/dice_flash.png£', NULL, NULL),
(1080, 10, 20, 1, 'resolve_order_dices', '¤indiµ ##monsters/to-right/regular/boogie-woogie.png££ a choisi cet ordre de résolution: #dices/black/dice_paw.png£#dices/black/dice_paw.png£ #dices/black/dice_three.png£#dices/black/dice_three.png£ #dices/black/dice_flash.png£#dices/black/dice_flash.png£ ', NULL, NULL),
(1081, 10, 20, 1, 'resolve_dices_paw', '¤indiµ ##monsters/to-right/regular/boogie-woogie.png££ a attaqué sky ##monsters/to-left/regular/x-smash-tree.png££, ninja ##monsters/to-left/regular/alienoid.png££ hors de Tokyo avec #dices/black/dice_paw.png£#dices/black/dice_paw.png£', NULL, NULL),
(1082, 10, 20, 1, 'resolve_dices_victory', '¤indiµ ##monsters/to-right/regular/boogie-woogie.png££ a gagné 0#symbols/star.png£', NULL, NULL),
(1083, 10, 20, 1, 'resolve_dices_flash', '¤indiµ ##monsters/to-right/regular/boogie-woogie.png££ a gagné 2#symbols/flash.png£', NULL, NULL),
(1084, 10, 22, 1, 'start_turn', 'Le tour de ¤ninjaµ ##monsters/to-left/regular/alienoid.png££ a commencé.', NULL, NULL),
(1085, 10, 22, 1, 'is_starting_in_city', '¤ninjaµ ##monsters/to-left/regular/alienoid.png££ a commencé son tour hors de Tokyo et n\'a pas gagné de #symbols/star.png£', NULL, NULL),
(1086, 10, 22, 1, 'throw_dices', '¤ninjaµ ##monsters/to-left/regular/alienoid.png££ a obtenu #dices/black/dice_paw.png£#dices/black/dice_paw.png£#dices/black/dice_heart.png£#dices/black/dice_two.png£#dices/black/dice_flash.png£#dices/black/dice_flash.png£', NULL, NULL),
(1087, 10, 22, 1, 'resolve_order_dices', '¤ninjaµ ##monsters/to-left/regular/alienoid.png££ a choisi cet ordre de résolution: #dices/black/dice_paw.png£#dices/black/dice_paw.png£ #dices/black/dice_two.png£ #dices/black/dice_heart.png£ #dices/black/dice_flash.png£#dices/black/dice_flash.png£ ', NULL, NULL),
(1088, 10, 22, 1, 'resolve_dices_paw', '¤ninjaµ ##monsters/to-left/regular/alienoid.png££ a attaqué indi ##monsters/to-right/regular/boogie-woogie.png££ dans Tokyo avec #dices/black/dice_paw.png£#dices/black/dice_paw.png£', NULL, NULL),
(1089, 10, 20, 1, 'ask_to_leave_tokyo', '¤indiµ ##monsters/to-right/regular/boogie-woogie.png££ est resté dans Tokyo', NULL, NULL),
(1090, 10, 22, 1, 'resolve_dices_victory', '¤ninjaµ ##monsters/to-left/regular/alienoid.png££ a gagné 0#symbols/star.png£', NULL, NULL),
(1091, 10, 22, 1, 'resolve_dices_heart', '¤ninjaµ ##monsters/to-left/regular/alienoid.png££ a gagné 1#symbols/heart.png£', NULL, NULL),
(1092, 10, 22, 1, 'resolve_dices_flash', '¤ninjaµ ##monsters/to-left/regular/alienoid.png££ a gagné 2#symbols/flash.png£', NULL, NULL),
(1093, 10, 20, 1, 'start_turn', 'Le tour de ¤indiµ ##monsters/to-right/regular/boogie-woogie.png££ a commencé.', NULL, NULL),
(1094, 10, 20, 1, 'is_starting_in_city', '¤indiµ ##monsters/to-right/regular/boogie-woogie.png££ a commencé son tour dans Tokyo et gagné 2#symbols/star.png£', NULL, NULL),
(1095, 10, 20, 1, 'throw_dices', '¤indiµ ##monsters/to-right/regular/boogie-woogie.png££ a obtenu #dices/black/dice_paw.png£#dices/black/dice_one.png£#dices/black/dice_one.png£#dices/black/dice_one.png£#dices/black/dice_flash.png£#dices/black/dice_flash.png£', NULL, NULL),
(1096, 10, 20, 1, 'throw_dices', '¤indiµ ##monsters/to-right/regular/boogie-woogie.png££ a obtenu #dices/black/dice_paw_locked.png£#dices/black/dice_paw.png£#dices/black/dice_three.png£#dices/black/dice_one.png£#dices/black/dice_one.png£#dices/black/dice_flash.png£', NULL, NULL),
(1097, 10, 20, 1, 'resolve_order_dices', '¤indiµ ##monsters/to-right/regular/boogie-woogie.png££ a choisi cet ordre de résolution: #dices/black/dice_one.png£#dices/black/dice_one.png£#dices/black/dice_three.png£ #dices/black/dice_flash.png£ #dices/black/dice_paw.png£#dices/black/dice_paw.png£ ', NULL, NULL),
(1098, 10, 20, 1, 'resolve_dices_victory', '¤indiµ ##monsters/to-right/regular/boogie-woogie.png££ a gagné 0#symbols/star.png£', NULL, NULL),
(1099, 10, 20, 1, 'resolve_dices_flash', '¤indiµ ##monsters/to-right/regular/boogie-woogie.png££ a gagné 1#symbols/flash.png£', NULL, NULL),
(1100, 10, 20, 1, 'resolve_dices_paw', '¤indiµ ##monsters/to-right/regular/boogie-woogie.png££ a attaqué sky ##monsters/to-left/regular/x-smash-tree.png££, ninja ##monsters/to-left/regular/alienoid.png££ hors de Tokyo avec #dices/black/dice_paw.png£#dices/black/dice_paw.png£', NULL, NULL),
(1101, 10, 20, 1, 'are_dead', '¤ninjaµ ##monsters/to-left/regular/alienoid.png££ est #/symbols/dead.png£ !', 22, 'start_turn'),
(1102, 10, 20, 0, 'has_won_by_killing', NULL, NULL, NULL);

-- --------------------------------------------------------

--
-- Structure de la table `migration_versions`
--

DROP TABLE IF EXISTS `migration_versions`;
CREATE TABLE IF NOT EXISTS `migration_versions` (
  `version` varchar(14) COLLATE utf8mb4_unicode_ci NOT NULL,
  `executed_at` datetime NOT NULL COMMENT '(DC2Type:datetime_immutable)',
  PRIMARY KEY (`version`)
) ENGINE=InnoDB DEFAULT CHARSET=utf8mb4 COLLATE=utf8mb4_unicode_ci;

--
-- Déchargement des données de la table `migration_versions`
--

INSERT INTO `migration_versions` (`version`, `executed_at`) VALUES
('20191213143258', '2019-12-13 14:33:06'),
('20191213152855', '2019-12-13 15:29:03'),
('20191213153111', '2019-12-13 15:31:16'),
('20191214024826', '2019-12-14 02:48:37'),
('20191220215117', '2019-12-20 21:51:27'),
('20191220223934', '2019-12-20 22:39:38'),
('20191221214821', '2019-12-21 21:48:28'),
('20191221225135', '2019-12-21 22:51:40'),
('20191222234415', '2019-12-22 23:44:34'),
('20191225162315', '2019-12-25 16:23:22'),
('20191230132431', '2019-12-30 13:24:40'),
('20191230132619', '2019-12-30 13:26:24'),
('20200101103330', '2020-01-01 10:33:40'),
('20200102120742', '2020-01-02 12:08:01'),
('20200102131854', '2020-01-02 13:19:02'),
('20200104210513', '2020-01-04 21:05:19'),
('20200105001738', '2020-01-05 00:17:48'),
('20200105002319', '2020-01-05 00:23:25'),
('20200105005824', '2020-01-05 00:58:32'),
('20200105143226', '2020-01-05 14:32:46'),
('20200105143746', '2020-01-05 14:37:53'),
('20200105145924', '2020-01-05 14:59:30'),
('20200111110116', '2020-01-11 11:01:23'),
('20200111110333', '2020-01-11 11:03:41');

-- --------------------------------------------------------

--
-- Structure de la table `mode`
--

DROP TABLE IF EXISTS `mode`;
CREATE TABLE IF NOT EXISTS `mode` (
  `id` int(11) NOT NULL AUTO_INCREMENT,
  `name` varchar(100) COLLATE utf8mb4_unicode_ci NOT NULL,
  `available` tinyint(1) NOT NULL DEFAULT '1',
  PRIMARY KEY (`id`)
) ENGINE=InnoDB AUTO_INCREMENT=3 DEFAULT CHARSET=utf8mb4 COLLATE=utf8mb4_unicode_ci;

--
-- Déchargement des données de la table `mode`
--

INSERT INTO `mode` (`id`, `name`, `available`) VALUES
(1, 'Casual', 1),
(2, 'Tournoi', 0);

-- --------------------------------------------------------

--
-- Structure de la table `monster`
--

DROP TABLE IF EXISTS `monster`;
CREATE TABLE IF NOT EXISTS `monster` (
  `id` int(11) NOT NULL AUTO_INCREMENT,
  `box_id` int(11) NOT NULL,
  `name` varchar(50) COLLATE utf8mb4_unicode_ci NOT NULL,
  `img_name` varchar(255) COLLATE utf8mb4_unicode_ci DEFAULT NULL,
  `available` tinyint(1) DEFAULT NULL,
  PRIMARY KEY (`id`),
  KEY `IDX_245EC6F4D8177B3F` (`box_id`)
) ENGINE=InnoDB AUTO_INCREMENT=36 DEFAULT CHARSET=utf8mb4 COLLATE=utf8mb4_unicode_ci;

--
-- Déchargement des données de la table `monster`
--

INSERT INTO `monster` (`id`, `box_id`, `name`, `img_name`, `available`) VALUES
(1, 1, 'Alienoid', 'alienoid.png', 1),
(2, 1, 'Cyber Bunny', 'cyber-bunny.png', 1),
(3, 1, 'Giga Zaur', 'giga-zaur.png', 1),
(4, 1, 'Kraken', 'kraken.png', 0),
(5, 1, 'Meka Dragon', 'meka-dragon.png', 1),
(6, 1, 'The King', 'the-king.png', 1),
(7, 2, 'Cyber Kitty', 'cyber-kitty.png', 1),
(8, 2, 'Space Penguin', 'space-penguin.png', 1),
(9, 9, 'Captain Fish', 'captain-fish.png', 0),
(10, 9, 'Drakonis', 'drakonis.png', 0),
(11, 9, 'Kong', 'kong.png', 1),
(12, 9, 'Mantis', 'mantis.png', 0),
(13, 9, 'Rob', 'rob.png', 0),
(14, 9, 'Sheriff', 'sheriff.png', 1),
(15, 3, 'Pandakai', 'pandakai.png', 0),
(16, 4, 'Pumpkin Jack', 'pumpkin-jack.png', 1),
(17, 4, 'Boogie Woogie', 'boogie-woogie.png', 1),
(18, 5, 'Cthulhu', 'cthulhu.png', 0),
(19, 6, 'King Kong', 'king-kong.png', 1),
(20, 7, 'Anubis', 'anubis.png', 1),
(21, 8, 'Cybertooth', 'cybertooth.png', 1),
(22, 10, 'Mega Shark', 'mega-shark.png', 0),
(23, 11, 'Ali-San', 'ali-san.png', 1),
(24, 11, 'Baby Gigazaur', 'baby-gigazaur.png', 0),
(25, 11, 'Brockenbar', 'brockenbar.png', 0),
(26, 11, 'Crabomination', 'crabomination.png', 0),
(27, 11, 'Draccus', 'draccus.png', 1),
(28, 11, 'Iron Rook', 'iron-rook.png', 0),
(29, 11, 'Kookie', 'kookie.png', 1),
(30, 11, 'Lollybot', 'lollybot.png', 1),
(31, 11, 'Orange Death', 'orange-death.png', 1),
(32, 11, 'Pouic', 'pouic.png', 0),
(33, 11, 'Rozy Pony', 'rozy-pony.png', 1),
(34, 11, 'X-smash Tree', 'x-smash-tree.png', 1),
(35, 11, 'Zombie Alpha', 'zombie-alpha.png', 0);

-- --------------------------------------------------------

--
-- Structure de la table `player`
--

DROP TABLE IF EXISTS `player`;
CREATE TABLE IF NOT EXISTS `player` (
  `id` int(11) NOT NULL AUTO_INCREMENT,
  `monster_id` int(11) DEFAULT NULL,
  `game_id` int(11) NOT NULL,
  `user_id` int(11) NOT NULL,
  `creator` tinyint(1) NOT NULL,
  `is_ready` tinyint(1) NOT NULL,
  `is_alive` tinyint(1) NOT NULL,
  `in_city` smallint(6) NOT NULL,
  `vp` smallint(6) NOT NULL,
  `hp` smallint(6) NOT NULL,
  `hp_max` smallint(6) NOT NULL,
  `nb_dices` smallint(6) NOT NULL,
  `nb_mana` int(11) NOT NULL,
  `turn` smallint(6) NOT NULL,
  `is_playing` tinyint(1) NOT NULL,
  `joined_at` datetime NOT NULL,
  `last_log_id` int(11) DEFAULT NULL,
  `throws_left` smallint(6) NOT NULL,
  `has_decided_about_tokyo` tinyint(1) NOT NULL,
  `is_winner` tinyint(1) DEFAULT NULL,
  PRIMARY KEY (`id`),
  KEY `IDX_98197A65C5FF1223` (`monster_id`),
  KEY `IDX_98197A65E48FD905` (`game_id`),
  KEY `IDX_98197A65A76ED395` (`user_id`),
  KEY `IDX_98197A656060DF5C` (`last_log_id`)
) ENGINE=InnoDB AUTO_INCREMENT=43 DEFAULT CHARSET=utf8mb4 COLLATE=utf8mb4_unicode_ci;

--
-- Déchargement des données de la table `player`
--

INSERT INTO `player` (`id`, `monster_id`, `game_id`, `user_id`, `creator`, `is_ready`, `is_alive`, `in_city`, `vp`, `hp`, `hp_max`, `nb_dices`, `nb_mana`, `turn`, `is_playing`, `joined_at`, `last_log_id`, `throws_left`, `has_decided_about_tokyo`, `is_winner`) VALUES
(1, 23, 1, 1, 1, 1, 1, 0, 10, 4, 10, 6, 0, 1, 1, '2020-01-18 12:07:32', 168, 0, 0, 1),
(4, 6, 1, 3, 0, 1, 0, 0, 4, 0, 10, 6, 6, 3, 0, '2020-01-18 12:21:34', 168, 0, 0, NULL),
(5, 20, 1, 2, 0, 1, 0, 0, 10, 0, 10, 6, 3, 2, 1, '2020-01-18 12:21:38', 168, 0, 0, NULL),
(6, 30, 2, 1, 1, 1, 1, 0, 3, 2, 10, 6, 2, 2, 1, '2020-01-18 13:57:08', 249, 0, 0, 0),
(7, 5, 2, 2, 0, 1, 0, 0, 6, 0, 10, 6, 1, 3, 0, '2020-01-18 13:57:22', 249, 1, 0, NULL),
(8, 14, 2, 3, 0, 1, 0, 0, 7, 0, 10, 6, 2, 1, 0, '2020-01-18 13:57:24', 249, 0, 0, 1),
(9, 27, 3, 1, 1, 1, 0, 0, 5, 0, 10, 6, 3, 3, 0, '2020-01-18 15:28:08', 371, 1, 0, NULL),
(10, 11, 3, 3, 0, 1, 0, 0, 8, 0, 10, 6, 2, 2, 0, '2020-01-18 15:28:23', 371, 0, 0, NULL),
(11, 21, 3, 2, 0, 1, 1, 1, 11, 1, 10, 6, 1, 1, 1, '2020-01-18 15:28:55', 371, 0, 0, 1),
(17, 2, 9, 1, 1, 1, 1, 1, 20, 3, 10, 6, 8, 1, 1, '2020-01-18 16:55:29', 584, 1, 0, NULL),
(18, 33, 9, 3, 0, 1, 0, 0, 3, 0, 10, 6, 5, 3, 0, '2020-01-18 16:55:44', 584, 0, 0, 1),
(19, 31, 9, 2, 0, 1, 1, 0, 15, 7, 10, 6, 4, 2, 0, '2020-01-18 16:56:01', 584, 0, 0, NULL),
(20, 17, 10, 2, 1, 1, 1, 0, 7, 8, 10, 6, 7, 3, 1, '2020-01-18 17:55:36', 1101, 1, 0, 1),
(21, 34, 10, 1, 0, 1, 0, 0, 13, 0, 10, 6, 3, 1, 0, '2020-01-18 17:55:52', 1077, 2, 0, NULL),
(22, 1, 10, 3, 0, 1, 0, 0, 8, 0, 10, 6, 2, 2, 0, '2020-01-18 17:55:55', 1101, 2, 0, NULL),
(24, 33, 12, 1, 1, 1, 1, 1, 18, 1, 10, 6, 5, 1, 1, '2020-01-18 23:12:32', 811, 1, 0, 1),
(25, 3, 12, 2, 0, 1, 0, 0, 8, 0, 10, 6, 2, 2, 0, '2020-01-18 23:13:05', 811, 0, 0, NULL),
(27, 21, 12, 3, 0, 1, 0, 0, 6, 0, 10, 6, 1, 3, 0, '2020-01-18 23:14:24', 811, 1, 0, NULL),
(28, 11, 13, 1, 1, 1, 0, 0, 7, 0, 10, 6, 6, 3, 0, '2020-01-18 23:27:27', 932, 0, 0, NULL),
(29, 14, 13, 3, 0, 1, 0, 0, 7, 0, 10, 6, 4, 2, 0, '2020-01-18 23:27:36', 932, 0, 0, NULL),
(30, 6, 13, 2, 0, 1, 1, 0, 8, 1, 10, 6, 3, 1, 1, '2020-01-18 23:27:43', 932, 0, 0, 1),
(31, 23, 14, 1, 1, 1, 1, 1, 5, 5, 10, 6, 2, 1, 0, '2020-01-19 10:17:10', 1074, 0, 0, NULL),
(32, 30, 14, 3, 0, 1, 1, 0, 7, 5, 10, 6, 2, 2, 1, '2020-01-19 10:32:15', 1074, 0, 0, NULL),
(33, 17, 14, 2, 0, 1, 0, 0, 5, 0, 10, 6, 2, 3, 0, '2020-01-19 10:32:31', 1074, 0, 0, NULL),
(34, 21, 14, 12, 0, 1, 0, 0, 9, 0, 10, 6, 1, 4, 0, '2020-01-19 10:33:08', 1074, 0, 0, NULL),
(37, NULL, 17, 1, 1, 0, 1, 0, 0, 10, 10, 6, 0, 0, 0, '2020-01-20 13:19:14', NULL, 3, 0, NULL),
(38, 23, 18, 1, 1, 1, 1, 0, 0, 10, 10, 6, 0, 0, 0, '2020-01-20 13:20:16', NULL, 3, 0, NULL),
(39, NULL, 18, 3, 0, 0, 1, 0, 0, 10, 10, 6, 0, 0, 0, '2020-01-20 13:21:35', NULL, 3, 0, NULL),
(40, 3, 18, 2, 0, 0, 1, 0, 0, 10, 10, 6, 0, 0, 0, '2020-01-20 13:21:57', NULL, 3, 0, NULL),
(41, NULL, 19, 2, 1, 0, 1, 0, 0, 10, 10, 6, 0, 0, 0, '2020-01-20 13:22:04', NULL, 3, 0, NULL),
(42, NULL, 20, 3, 1, 0, 1, 0, 0, 10, 10, 6, 0, 0, 0, '2020-01-20 13:22:08', NULL, 3, 0, NULL);

-- --------------------------------------------------------

--
-- Structure de la table `resolve_order`
--

DROP TABLE IF EXISTS `resolve_order`;
CREATE TABLE IF NOT EXISTS `resolve_order` (
  `id` int(11) NOT NULL AUTO_INCREMENT,
  `player_id` int(11) NOT NULL,
  `resolve_order` smallint(6) NOT NULL,
  `type` varchar(20) COLLATE utf8mb4_unicode_ci NOT NULL,
  PRIMARY KEY (`id`),
  KEY `IDX_E534A81899E6F5DF` (`player_id`)
) ENGINE=InnoDB AUTO_INCREMENT=317 DEFAULT CHARSET=utf8mb4 COLLATE=utf8mb4_unicode_ci;

--
-- Déchargement des données de la table `resolve_order`
--

INSERT INTO `resolve_order` (`id`, `player_id`, `resolve_order`, `type`) VALUES
(36, 5, 1, 'victory'),
(37, 5, 2, 'paw'),
(46, 4, 1, 'victory'),
(47, 4, 2, 'paw'),
(48, 1, 1, 'victory'),
(49, 1, 2, 'paw'),
(58, 8, 1, 'paw'),
(59, 8, 2, 'heart'),
(68, 7, 1, 'victory'),
(69, 7, 2, 'paw'),
(70, 6, 1, 'paw'),
(71, 6, 2, 'victory'),
(72, 6, 3, 'heart'),
(88, 9, 1, 'victory'),
(103, 10, 1, 'victory'),
(104, 10, 2, 'heart'),
(105, 10, 3, 'paw'),
(106, 11, 1, 'paw'),
(107, 11, 2, 'heart'),
(142, 18, 1, 'victory'),
(143, 18, 2, 'heart'),
(144, 18, 3, 'flash'),
(145, 18, 4, 'paw'),
(166, 19, 1, 'victory'),
(167, 19, 2, 'paw'),
(168, 19, 3, 'heart'),
(169, 17, 1, 'victory'),
(183, 21, 1, 'victory'),
(184, 21, 2, 'heart'),
(185, 21, 3, 'flash'),
(215, 25, 1, 'victory'),
(216, 25, 2, 'flash'),
(228, 27, 1, 'victory'),
(229, 27, 2, 'heart'),
(230, 27, 3, 'flash'),
(231, 24, 1, 'heart'),
(232, 24, 2, 'flash'),
(233, 24, 3, 'paw'),
(255, 29, 1, 'victory'),
(256, 29, 2, 'flash'),
(257, 29, 3, 'paw'),
(263, 28, 1, 'victory'),
(264, 28, 2, 'heart'),
(265, 28, 3, 'flash'),
(266, 28, 4, 'paw'),
(267, 30, 1, 'paw'),
(268, 30, 2, 'victory'),
(297, 33, 1, 'victory'),
(298, 33, 2, 'heart'),
(299, 33, 3, 'flash'),
(300, 33, 4, 'paw'),
(301, 34, 1, 'victory'),
(302, 34, 2, 'paw'),
(303, 31, 1, 'victory'),
(304, 31, 2, 'heart'),
(305, 31, 3, 'paw'),
(306, 31, 4, 'flash'),
(310, 22, 1, 'paw'),
(311, 22, 2, 'victory'),
(312, 22, 3, 'heart'),
(313, 22, 4, 'flash'),
(314, 20, 1, 'victory'),
(315, 20, 2, 'flash'),
(316, 20, 3, 'paw');

-- --------------------------------------------------------

--
-- Structure de la table `rule`
--

DROP TABLE IF EXISTS `rule`;
CREATE TABLE IF NOT EXISTS `rule` (
  `id` int(11) NOT NULL AUTO_INCREMENT,
  `name` varchar(100) COLLATE utf8mb4_unicode_ci NOT NULL,
  `description` longtext COLLATE utf8mb4_unicode_ci,
  `available` tinyint(1) NOT NULL DEFAULT '1',
  `img_name` varchar(255) COLLATE utf8mb4_unicode_ci DEFAULT NULL,
  `box_id` int(11) NOT NULL,
  PRIMARY KEY (`id`),
  KEY `IDX_46D8ACCCD8177B3F` (`box_id`)
) ENGINE=InnoDB AUTO_INCREMENT=10 DEFAULT CHARSET=utf8mb4 COLLATE=utf8mb4_unicode_ci;

--
-- Déchargement des données de la table `rule`
--

INSERT INTO `rule` (`id`, `name`, `description`, `available`, `img_name`, `box_id`) VALUES
(1, 'Cartes Évolution', NULL, 0, 'cartes-evolution.png', 3),
(2, 'Tuiles Cultiste', NULL, 0, 'tuiles-cultiste.png', 5),
(3, 'Tuiles Cultiste / Temple de Cthulhu', NULL, 0, 'tuiles-cultiste-temple-de-cthulhu.png', 5),
(4, 'Tour de Tokyo', NULL, 0, 'tour-de-tokyo.png', 6),
(5, 'Empire State Building', NULL, 0, 'empire-state-building.png', 6),
(6, 'Carte Belle', NULL, 0, 'carte-belle.png', 6),
(7, 'Dé du Destin & Cartes Malédiction', NULL, 0, 'de-du-destin.png', 7),
(8, 'Mode Berserk', NULL, 0, 'mode-berserk.png', 8),
(9, 'Évolutions Mutantes', NULL, 0, 'evolutions-mutantes.png', 8);

-- --------------------------------------------------------

--
-- Structure de la table `throw_tokyo_dice`
--

DROP TABLE IF EXISTS `throw_tokyo_dice`;
CREATE TABLE IF NOT EXISTS `throw_tokyo_dice` (
  `id` int(11) NOT NULL AUTO_INCREMENT,
  `player_id` int(11) NOT NULL,
  `face` varchar(10) COLLATE utf8mb4_unicode_ci NOT NULL,
  `is_kept` tinyint(1) DEFAULT NULL,
  `position` smallint(6) DEFAULT NULL,
  `type` varchar(7) COLLATE utf8mb4_unicode_ci DEFAULT NULL,
  PRIMARY KEY (`id`),
  KEY `IDX_B8EF9EEA99E6F5DF` (`player_id`)
) ENGINE=InnoDB AUTO_INCREMENT=1431 DEFAULT CHARSET=utf8mb4 COLLATE=utf8mb4_unicode_ci;

--
-- Déchargement des données de la table `throw_tokyo_dice`
--

INSERT INTO `throw_tokyo_dice` (`id`, `player_id`, `face`, `is_kept`, `position`, `type`) VALUES
(156, 5, 'paw', 1, 1, 'paw'),
(167, 5, 'two', 0, 2, 'victory'),
(168, 5, 'paw', 0, 3, 'paw'),
(169, 5, 'one', 0, 4, 'victory'),
(170, 5, 'one', 0, 5, 'victory'),
(171, 5, 'paw', 0, 6, 'paw'),
(174, 4, 'paw', 1, 3, 'paw'),
(178, 4, 'paw', 1, 1, 'paw'),
(179, 4, 'paw', 1, 2, 'paw'),
(182, 4, 'paw', 1, 6, 'paw'),
(183, 4, 'one', 0, 4, 'victory'),
(184, 4, 'two', 0, 5, 'victory'),
(198, 1, 'paw', 1, 2, 'paw'),
(203, 1, 'paw', 0, 1, 'paw'),
(204, 1, 'two', 0, 3, 'victory'),
(205, 1, 'two', 0, 4, 'victory'),
(206, 1, 'paw', 0, 5, 'paw'),
(207, 1, 'one', 0, 6, 'victory'),
(253, 8, 'paw', 1, 1, 'paw'),
(255, 8, 'paw', 1, 3, 'paw'),
(256, 8, 'paw', 1, 4, 'paw'),
(258, 8, 'paw', 1, 6, 'paw'),
(261, 8, 'heart', 0, 2, 'heart'),
(262, 8, 'paw', 0, 5, 'paw'),
(301, 7, 'three', 1, 1, 'victory'),
(304, 7, 'three', 1, 4, 'victory'),
(305, 7, 'three', 1, 5, 'victory'),
(307, 7, 'paw', 1, 2, 'paw'),
(308, 7, 'paw', 1, 3, 'paw'),
(309, 7, 'paw', 1, 6, 'paw'),
(312, 6, 'paw', 1, 3, 'paw'),
(321, 6, 'heart', 0, 1, 'heart'),
(322, 6, 'heart', 0, 2, 'heart'),
(323, 6, 'paw', 0, 4, 'paw'),
(324, 6, 'two', 0, 5, 'victory'),
(325, 6, 'one', 0, 6, 'victory'),
(397, 9, 'two', 1, 1, 'victory'),
(398, 9, 'two', 1, 2, 'victory'),
(401, 9, 'two', 1, 5, 'victory'),
(402, 9, 'two', 1, 6, 'victory'),
(403, 9, 'two', 1, 3, 'victory'),
(404, 9, 'two', 1, 4, 'victory'),
(469, 10, 'paw', 1, 1, 'paw'),
(471, 10, 'paw', 1, 3, 'paw'),
(475, 10, 'heart', 0, 2, 'heart'),
(476, 10, 'one', 0, 4, 'victory'),
(477, 10, 'paw', 0, 5, 'paw'),
(478, 10, 'three', 0, 6, 'victory'),
(479, 11, 'paw', 1, 1, 'paw'),
(480, 11, 'paw', 1, 2, 'paw'),
(485, 11, 'paw', 1, 3, 'paw'),
(486, 11, 'paw', 1, 4, 'paw'),
(489, 11, 'heart', 0, 5, 'heart'),
(490, 11, 'paw', 0, 6, 'paw'),
(620, 18, 'paw', 1, 1, 'paw'),
(631, 18, 'heart', 0, 2, 'heart'),
(632, 18, 'three', 0, 3, 'victory'),
(633, 18, 'one', 0, 4, 'victory'),
(634, 18, 'flash', 0, 5, 'flash'),
(635, 18, 'three', 0, 6, 'victory'),
(764, 19, 'heart', 1, 2, 'heart'),
(765, 19, 'three', 1, 3, 'victory'),
(766, 19, 'three', 1, 4, 'victory'),
(768, 19, 'heart', 1, 6, 'heart'),
(770, 19, 'three', 1, 5, 'victory'),
(771, 19, 'paw', 0, 1, 'paw'),
(773, 17, 'two', 1, 2, 'victory'),
(778, 17, 'three', 1, 1, 'victory'),
(779, 17, 'two', 1, 3, 'victory'),
(780, 17, 'one', 1, 4, 'victory'),
(781, 17, 'two', 1, 5, 'victory'),
(782, 17, 'three', 1, 6, 'victory'),
(856, 21, 'two', 1, 1, 'victory'),
(857, 21, 'flash', 1, 2, 'flash'),
(858, 21, 'two', 1, 3, 'victory'),
(859, 21, 'one', 1, 4, 'victory'),
(860, 21, 'heart', 1, 5, 'heart'),
(861, 21, 'heart', 1, 6, 'heart'),
(977, 25, 'two', 1, 2, 'victory'),
(979, 25, 'two', 1, 4, 'victory'),
(981, 25, 'two', 1, 6, 'victory'),
(982, 25, 'flash', 0, 1, 'flash'),
(983, 25, 'three', 0, 3, 'victory'),
(984, 25, 'flash', 0, 5, 'flash'),
(1032, 27, 'flash', 1, 2, 'flash'),
(1033, 27, 'two', 1, 3, 'victory'),
(1034, 27, 'one', 1, 4, 'victory'),
(1036, 27, 'one', 1, 6, 'victory'),
(1037, 27, 'three', 1, 1, 'victory'),
(1038, 27, 'heart', 1, 5, 'heart'),
(1044, 24, 'paw', 1, 6, 'paw'),
(1045, 24, 'heart', 1, 1, 'heart'),
(1046, 24, 'paw', 1, 2, 'paw'),
(1047, 24, 'paw', 1, 3, 'paw'),
(1048, 24, 'flash', 1, 4, 'flash'),
(1049, 24, 'paw', 1, 5, 'paw'),
(1147, 29, 'two', 1, 1, 'victory'),
(1151, 29, 'two', 1, 5, 'victory'),
(1152, 29, 'paw', 1, 6, 'paw'),
(1156, 29, 'one', 0, 2, 'victory'),
(1157, 29, 'two', 0, 3, 'victory'),
(1158, 29, 'flash', 0, 4, 'flash'),
(1182, 28, 'paw', 1, 2, 'paw'),
(1185, 28, 'paw', 1, 5, 'paw'),
(1191, 28, 'flash', 0, 1, 'flash'),
(1192, 28, 'two', 0, 3, 'victory'),
(1193, 28, 'heart', 0, 4, 'heart'),
(1194, 28, 'heart', 0, 6, 'heart'),
(1197, 30, 'paw', 1, 3, 'paw'),
(1199, 30, 'paw', 1, 5, 'paw'),
(1203, 30, 'paw', 1, 4, 'paw'),
(1205, 30, 'one', 0, 1, 'victory'),
(1206, 30, 'paw', 0, 2, 'paw'),
(1207, 30, 'three', 0, 6, 'victory'),
(1346, 33, 'paw', 1, 6, 'paw'),
(1352, 33, 'paw', 0, 1, 'paw'),
(1353, 33, 'three', 0, 2, 'victory'),
(1354, 33, 'heart', 0, 3, 'heart'),
(1355, 33, 'three', 0, 4, 'victory'),
(1356, 33, 'flash', 0, 5, 'flash'),
(1358, 34, 'paw', 1, 2, 'paw'),
(1368, 34, 'three', 0, 1, 'victory'),
(1369, 34, 'two', 0, 3, 'victory'),
(1370, 34, 'three', 0, 4, 'victory'),
(1371, 34, 'one', 0, 5, 'victory'),
(1372, 34, 'three', 0, 6, 'victory'),
(1373, 31, 'heart', 1, 1, 'heart'),
(1374, 31, 'paw', 1, 2, 'paw'),
(1376, 31, 'paw', 1, 4, 'paw'),
(1382, 31, 'two', 0, 3, 'victory'),
(1383, 31, 'one', 0, 5, 'victory'),
(1384, 31, 'flash', 0, 6, 'flash'),
(1385, 32, 'one', 1, 1, 'victory'),
(1389, 32, 'one', 1, 5, 'victory'),
(1390, 32, 'one', 1, 6, 'victory'),
(1394, 32, 'three', 0, 2, 'victory'),
(1395, 32, 'heart', 0, 3, 'heart'),
(1396, 32, 'paw', 0, 4, 'paw'),
(1414, 22, 'paw', 1, 1, 'paw'),
(1415, 22, 'flash', 1, 2, 'flash'),
(1416, 22, 'heart', 1, 3, 'heart'),
(1417, 22, 'paw', 1, 4, 'paw'),
(1418, 22, 'two', 1, 5, 'victory'),
(1419, 22, 'flash', 1, 6, 'flash'),
(1425, 20, 'paw', 1, 6, 'paw'),
(1426, 20, 'paw', 1, 1, 'paw'),
(1427, 20, 'one', 1, 2, 'victory'),
(1428, 20, 'three', 1, 3, 'victory'),
(1429, 20, 'one', 1, 4, 'victory'),
(1430, 20, 'flash', 1, 5, 'flash');

-- --------------------------------------------------------

--
-- Structure de la table `user`
--

DROP TABLE IF EXISTS `user`;
CREATE TABLE IF NOT EXISTS `user` (
  `id` int(11) NOT NULL AUTO_INCREMENT,
  `username` varchar(180) COLLATE utf8mb4_unicode_ci NOT NULL,
  `roles` longtext COLLATE utf8mb4_unicode_ci NOT NULL COMMENT '(DC2Type:array)',
  `password` varchar(255) COLLATE utf8mb4_unicode_ci NOT NULL,
  PRIMARY KEY (`id`),
  UNIQUE KEY `UNIQ_8D93D649F85E0677` (`username`)
) ENGINE=InnoDB AUTO_INCREMENT=13 DEFAULT CHARSET=utf8mb4 COLLATE=utf8mb4_unicode_ci;

--
-- Déchargement des données de la table `user`
--

INSERT INTO `user` (`id`, `username`, `roles`, `password`) VALUES
(1, 'sky', 'a:1:{i:0;s:9:\"ROLE_USER\";}', '$argon2i$v=19$m=65536,t=4,p=1$SFY0WWhiZy9EYmdjUXlCZg$Wdwt0CnHnwL+06fTRI0p4KRA2a+M9dzvTzPrD71yy2w'),
(2, 'indi', 'a:1:{i:0;s:9:\"ROLE_USER\";}', '$argon2i$v=19$m=65536,t=4,p=1$QldMTjN1a0xBSXBCcFc3Rg$BwPmABGpLLRVJwG9+zmvvKpRzSEHFEQPqaLfp3YGP7k'),
(3, 'ninja', 'a:1:{i:0;s:9:\"ROLE_USER\";}', '$argon2i$v=19$m=65536,t=4,p=1$QmtTTC5WejFwWmtjVlJnMA$+y2f0zKaUZ8bFg64nC67ijtzzLuz5iMaWNVHzX6376E'),
(4, 'useravecunnomlong', 'a:1:{i:0;s:9:\"ROLE_USER\";}', '$argon2i$v=19$m=65536,t=4,p=1$bHY1Q05YbjluVTFsMFhvdw$cIsCs14PfAyLzk1uPx800AsU2r8Zgq/REPDMbm9H5+w'),
(5, 'user5', 'a:1:{i:0;s:9:\"ROLE_USER\";}', '$argon2i$v=19$m=65536,t=4,p=1$cnZmSWtEdmoxbTZ0R3o4aA$jh0YFO3m6mZrjfRaJ4WvgeEoi6RHBFpdvlfhnwpTBQQ'),
(6, 'user6', 'a:1:{i:0;s:9:\"ROLE_USER\";}', '$argon2i$v=19$m=65536,t=4,p=1$M21XbGJ5dzBSQUM3SThxLg$nqEbFzEdeuLIGNmvox8ooL0tP0FIQxCPKOag074Tkv0'),
(7, 'user7', 'a:1:{i:0;s:9:\"ROLE_USER\";}', '$argon2i$v=19$m=65536,t=4,p=1$RkxRTnA2WDVCTDZYMXRpTA$47FsV5aCJcHNMTHLt5iuaxFn8fMjNtuQnb4BQvdIA7s'),
(8, 'test', 'a:1:{i:0;s:9:\"ROLE_USER\";}', '$argon2i$v=19$m=65536,t=4,p=1$T01QUlNqV3FqNm85V1Z2TQ$U6GZO6gvniAyKf38xjaCWK5NbxLAbQKwHUi9/2EmRgM'),
(9, 'mmmmmmmmmmmm', 'a:1:{i:0;s:9:\"ROLE_USER\";}', '$argon2i$v=19$m=65536,t=4,p=1$NTlYV0tId1lacHliemROVg$SIpxXVA9HWjL3yq51hbsb6U0ZNspovj95zoln/Mdi4A'),
(10, 'azertyuopmbsq', 'a:1:{i:0;s:9:\"ROLE_USER\";}', '$argon2i$v=19$m=65536,t=4,p=1$Si5YNnQwSDRSZENXanE3dQ$joXAC23gVZDzbOd8MLoWY0I93AAoi0mCm2bGy9gkIys'),
(11, 'fhgfhjghfjhkj', 'a:1:{i:0;s:9:\"ROLE_USER\";}', '$argon2i$v=19$m=65536,t=4,p=1$b0VKM0hhdDltZTNCYXRULw$xzWid6mng8PAiGBhWyW2kSNwUysdh+EXTyPGN4IZIDs'),
(12, 'MEC COOL', 'a:1:{i:0;s:9:\"ROLE_USER\";}', '$argon2i$v=19$m=65536,t=4,p=1$ZW10S0hHVlBJakMub3RRSA$a4sKOJ8yPG2G0wd7UN7b7Xfn8o8nhxYIOcIoQ1zZfQg');

--
-- Contraintes pour les tables déchargées
--

--
-- Contraintes pour la table `board_rule`
--
ALTER TABLE `board_rule`
  ADD CONSTRAINT `FK_9C4EF5EF744E0351` FOREIGN KEY (`rule_id`) REFERENCES `rule` (`id`) ON DELETE CASCADE,
  ADD CONSTRAINT `FK_9C4EF5EFE7EC5785` FOREIGN KEY (`board_id`) REFERENCES `board` (`id`) ON DELETE CASCADE;

--
-- Contraintes pour la table `box`
--
ALTER TABLE `box`
  ADD CONSTRAINT `FK_8A9483ADC8E12A2` FOREIGN KEY (`box_type_id`) REFERENCES `box_type` (`id`);

--
-- Contraintes pour la table `game`
--
ALTER TABLE `game`
  ADD CONSTRAINT `FK_232B318C5DFCD4B8` FOREIGN KEY (`winner_id`) REFERENCES `player` (`id`),
  ADD CONSTRAINT `FK_232B318C77E5854A` FOREIGN KEY (`mode_id`) REFERENCES `mode` (`id`),
  ADD CONSTRAINT `FK_232B318CE7EC5785` FOREIGN KEY (`board_id`) REFERENCES `board` (`id`);

--
-- Contraintes pour la table `game_data_update`
--
ALTER TABLE `game_data_update`
  ADD CONSTRAINT `FK_268E466399E6F5DF` FOREIGN KEY (`player_id`) REFERENCES `player` (`id`),
  ADD CONSTRAINT `FK_268E4663EA675D86` FOREIGN KEY (`log_id`) REFERENCES `log` (`id`);

--
-- Contraintes pour la table `game_monster`
--
ALTER TABLE `game_monster`
  ADD CONSTRAINT `FK_B19CB9DBC5FF1223` FOREIGN KEY (`monster_id`) REFERENCES `monster` (`id`) ON DELETE CASCADE,
  ADD CONSTRAINT `FK_B19CB9DBE48FD905` FOREIGN KEY (`game_id`) REFERENCES `game` (`id`) ON DELETE CASCADE;

--
-- Contraintes pour la table `game_rule`
--
ALTER TABLE `game_rule`
  ADD CONSTRAINT `FK_ADCDC0E0744E0351` FOREIGN KEY (`rule_id`) REFERENCES `rule` (`id`) ON DELETE CASCADE,
  ADD CONSTRAINT `FK_ADCDC0E0E48FD905` FOREIGN KEY (`game_id`) REFERENCES `game` (`id`) ON DELETE CASCADE;

--
-- Contraintes pour la table `kot_card_game`
--
ALTER TABLE `kot_card_game`
  ADD CONSTRAINT `FK_937D0B3299E6F5DF` FOREIGN KEY (`player_id`) REFERENCES `player` (`id`),
  ADD CONSTRAINT `FK_937D0B32CE77C980` FOREIGN KEY (`kot_card_id`) REFERENCES `kot_card` (`id`),
  ADD CONSTRAINT `FK_937D0B32E48FD905` FOREIGN KEY (`game_id`) REFERENCES `game` (`id`);

--
-- Contraintes pour la table `log`
--
ALTER TABLE `log`
  ADD CONSTRAINT `FK_8F3F68C599E6F5DF` FOREIGN KEY (`player_id`) REFERENCES `player` (`id`),
  ADD CONSTRAINT `FK_8F3F68C5DE6C20EC` FOREIGN KEY (`next_player_id`) REFERENCES `player` (`id`),
  ADD CONSTRAINT `FK_8F3F68C5E48FD905` FOREIGN KEY (`game_id`) REFERENCES `game` (`id`);

--
-- Contraintes pour la table `monster`
--
ALTER TABLE `monster`
  ADD CONSTRAINT `FK_245EC6F4D8177B3F` FOREIGN KEY (`box_id`) REFERENCES `box` (`id`);

--
-- Contraintes pour la table `player`
--
ALTER TABLE `player`
  ADD CONSTRAINT `FK_98197A656060DF5C` FOREIGN KEY (`last_log_id`) REFERENCES `log` (`id`),
  ADD CONSTRAINT `FK_98197A65A76ED395` FOREIGN KEY (`user_id`) REFERENCES `user` (`id`),
  ADD CONSTRAINT `FK_98197A65C5FF1223` FOREIGN KEY (`monster_id`) REFERENCES `monster` (`id`),
  ADD CONSTRAINT `FK_98197A65E48FD905` FOREIGN KEY (`game_id`) REFERENCES `game` (`id`);

--
-- Contraintes pour la table `resolve_order`
--
ALTER TABLE `resolve_order`
  ADD CONSTRAINT `FK_E534A81899E6F5DF` FOREIGN KEY (`player_id`) REFERENCES `player` (`id`);

--
-- Contraintes pour la table `rule`
--
ALTER TABLE `rule`
  ADD CONSTRAINT `FK_46D8ACCCD8177B3F` FOREIGN KEY (`box_id`) REFERENCES `box` (`id`);

--
-- Contraintes pour la table `throw_tokyo_dice`
--
ALTER TABLE `throw_tokyo_dice`
  ADD CONSTRAINT `FK_B8EF9EEA99E6F5DF` FOREIGN KEY (`player_id`) REFERENCES `player` (`id`);
COMMIT;

/*!40101 SET CHARACTER_SET_CLIENT=@OLD_CHARACTER_SET_CLIENT */;
/*!40101 SET CHARACTER_SET_RESULTS=@OLD_CHARACTER_SET_RESULTS */;
/*!40101 SET COLLATION_CONNECTION=@OLD_COLLATION_CONNECTION */;
